product_id,predicted_label
1,SD
2,KVI
3,PG
4,PG
5,SD
6,SD
7,SD
8,PG
9,PG
10,PG
11,PG
12,SD
13,PG
14,PG
15,SD
16,SD
17,PG
18,SD
19,PG
20,PG
21,PG
22,KVI
23,SD
24,PG
25,PG
26,KVI
27,SD
28,PG
29,PG
30,SD
31,SD
32,PG
33,KVI
34,PG
35,PG
36,PG
37,PG
38,PG
39,SD
40,PG
41,SD
42,KVI
43,PG
44,PG
45,KVI
46,PG
47,PG
48,SD
49,PG
50,PG
51,SD
52,SD
53,KVI
54,SD
55,PG
56,SD
57,PG
58,PG
59,PG
60,PG
61,SD
62,PG
63,PG
64,SD
65,SD
66,PG
67,SD
68,KVI
69,KVI
70,PG
71,SD
72,PG
73,PG
74,SD
75,PG
76,PG
77,PG
78,PG
79,PG
80,PG
81,SD
82,PG
83,SD
84,SD
85,PG
86,PG
87,PG
88,PG
89,PG
90,PG
91,SD
92,PG
93,KVI
94,PG
95,KVI
96,PG
97,SD
98,SD
99,SD
100,SD
101,SD
102,SD
103,SD
104,PG
105,KVI
106,SD
107,SD
108,PG
109,PG
110,PG
111,KVI
112,PG
113,SD
114,PG
115,PG
116,SD
117,PG
118,SD
119,KVI
120,PG
121,PG
122,KVI
123,PG
124,PG
125,PG
126,SD
127,PG
128,SD
129,PG
130,KVI
131,SD
132,PG
133,PG
134,PG
135,KVI
136,PG
137,SD
138,KVI
139,SD
140,SD
141,SD
142,KVI
143,PG
144,SD
145,PG
146,PG
147,PG
148,SD
149,PG
150,PG
151,PG
152,PG
153,KVI
154,PG
155,PG
156,PG
157,SD
158,PG
159,KVI
160,PG
161,KVI
162,PG
163,PG
164,PG
165,PG
166,PG
167,SD
168,PG
169,SD
170,KVI
171,PG
172,PG
173,PG
174,PG
175,SD
176,PG
177,PG
178,PG
179,SD
180,SD
181,SD
182,PG
183,PG
184,PG
185,SD
186,KVI
187,SD
188,SD
189,PG
190,PG
191,PG
192,PG
193,PG
194,PG
195,PG
196,PG
197,PG
198,SD
199,PG
200,SD
201,PG
202,KVI
203,SD
204,PG
205,SD
206,SD
207,PG
208,SD
209,SD
210,PG
211,PG
212,PG
213,PG
214,PG
215,PG
216,PG
217,KVI
218,KVI
219,KVI
220,SD
221,PG
222,PG
223,PG
224,SD
225,PG
226,PG
227,SD
228,PG
229,PG
230,PG
231,PG
232,PG
233,SD
234,PG
235,PG
236,KVI
237,PG
238,PG
239,PG
240,PG
241,PG
242,PG
243,SD
244,SD
245,PG
246,SD
247,PG
248,PG
249,PG
250,SD
251,SD
252,PG
253,SD
254,PG
255,PG
256,PG
257,SD
258,KVI
259,SD
260,PG
261,PG
262,PG
263,PG
264,PG
265,PG
266,SD
267,PG
268,PG
269,SD
270,PG
271,SD
272,PG
273,KVI
274,PG
275,PG
276,PG
277,SD
278,PG
279,PG
280,PG
281,SD
282,SD
283,KVI
284,PG
285,PG
286,PG
287,PG
288,PG
289,PG
290,SD
291,SD
292,PG
293,SD
294,PG
295,PG
296,PG
297,PG
298,PG
299,PG
300,PG
301,PG
302,SD
303,PG
304,PG
305,SD
306,PG
307,PG
308,KVI
309,PG
310,PG
311,SD
312,SD
313,PG
314,SD
315,KVI
316,PG
317,PG
318,SD
319,SD
320,PG
321,SD
322,PG
323,SD
324,PG
325,PG
326,PG
327,PG
328,SD
329,SD
330,PG
331,PG
332,SD
333,PG
334,PG
335,KVI
336,SD
337,PG
338,SD
339,SD
340,PG
341,SD
342,KVI
343,PG
344,SD
345,SD
346,PG
347,PG
348,KVI
349,PG
350,PG
351,PG
352,SD
353,KVI
354,PG
355,PG
356,PG
357,SD
358,PG
359,PG
360,PG
361,PG
362,PG
363,PG
364,PG
365,KVI
366,PG
367,PG
368,PG
369,PG
370,PG
371,SD
372,PG
373,KVI
374,PG
375,PG
376,PG
377,PG
378,SD
379,SD
380,PG
381,PG
382,PG
383,SD
384,PG
385,SD
386,PG
387,SD
388,SD
389,PG
390,PG
391,PG
392,SD
393,PG
394,KVI
395,SD
396,PG
397,PG
398,PG
399,PG
400,SD
401,SD
402,PG
403,PG
404,PG
405,PG
406,PG
407,KVI
408,PG
409,SD
410,PG
411,KVI
412,PG
413,SD
414,PG
415,PG
416,SD
417,PG
418,PG
419,KVI
420,KVI
421,PG
422,PG
423,SD
424,SD
425,SD
426,PG
427,PG
428,KVI
429,PG
430,PG
431,SD
432,SD
433,PG
434,SD
435,PG
436,PG
437,PG
438,PG
439,PG
440,SD
441,PG
442,PG
443,SD
444,PG
445,SD
446,SD
447,KVI
448,SD
449,SD
450,PG
451,PG
452,PG
453,PG
454,SD
455,PG
456,PG
457,PG
458,KVI
459,PG
460,PG
461,PG
462,SD
463,SD
464,SD
465,SD
466,PG
467,PG
468,SD
469,PG
470,KVI
471,SD
472,PG
473,SD
474,PG
475,PG
476,PG
477,PG
478,SD
479,PG
480,SD
481,PG
482,PG
483,SD
484,PG
485,PG
486,PG
487,PG
488,SD
489,PG
490,SD
491,PG
492,KVI
493,PG
494,SD
495,PG
496,PG
497,PG
498,PG
499,PG
500,SD
501,PG
502,SD
503,PG
504,PG
505,SD
506,PG
507,PG
508,PG
509,SD
510,PG
511,PG
512,PG
513,PG
514,PG
515,PG
516,KVI
517,KVI
518,PG
519,PG
520,PG
521,PG
522,PG
523,SD
524,PG
525,SD
526,PG
527,PG
528,SD
529,PG
530,SD
531,SD
532,PG
533,PG
534,SD
535,SD
536,SD
537,PG
538,PG
539,PG
540,KVI
541,SD
542,PG
543,PG
544,PG
545,PG
546,PG
547,PG
548,KVI
549,SD
550,PG
551,KVI
552,SD
553,SD
554,PG
555,SD
556,KVI
557,PG
558,SD
559,PG
560,SD
561,SD
562,PG
563,PG
564,PG
565,PG
566,PG
567,PG
568,KVI
569,PG
570,KVI
571,PG
572,PG
573,PG
574,SD
575,SD
576,PG
577,KVI
578,KVI
579,PG
580,PG
581,PG
582,PG
583,PG
584,PG
585,KVI
586,SD
587,KVI
588,KVI
589,PG
590,PG
591,PG
592,PG
593,PG
594,PG
595,PG
596,SD
597,PG
598,PG
599,SD
600,PG
601,SD
602,SD
603,PG
604,PG
605,PG
606,SD
607,KVI
608,SD
609,PG
610,PG
611,KVI
612,PG
613,PG
614,PG
615,PG
616,PG
617,KVI
618,PG
619,PG
620,SD
621,SD
622,PG
623,KVI
624,SD
625,SD
626,KVI
627,PG
628,KVI
629,PG
630,PG
631,PG
632,SD
633,SD
634,PG
635,PG
636,PG
637,KVI
638,SD
639,SD
640,PG
641,SD
642,SD
643,PG
644,KVI
645,SD
646,PG
647,SD
648,SD
649,PG
650,PG
651,PG
652,PG
653,KVI
654,SD
655,PG
656,PG
657,PG
658,SD
659,SD
660,SD
661,PG
662,PG
663,PG
664,SD
665,PG
666,SD
667,PG
668,PG
669,SD
670,PG
671,PG
672,PG
673,PG
674,PG
675,SD
676,SD
677,SD
678,PG
679,PG
680,PG
681,SD
682,PG
683,KVI
684,PG
685,SD
686,SD
687,KVI
688,PG
689,PG
690,PG
691,SD
692,SD
693,PG
694,PG
695,PG
696,PG
697,SD
698,PG
699,SD
700,PG
701,SD
702,PG
703,SD
704,PG
705,PG
706,SD
707,SD
708,PG
709,SD
710,KVI
711,PG
712,SD
713,PG
714,PG
715,PG
716,PG
717,SD
718,SD
719,KVI
720,PG
721,SD
722,SD
723,SD
724,SD
725,SD
726,SD
727,PG
728,PG
729,PG
730,PG
731,SD
732,PG
733,PG
734,SD
735,SD
736,SD
737,SD
738,PG
739,SD
740,PG
741,PG
742,KVI
743,SD
744,PG
745,PG
746,PG
747,SD
748,SD
749,SD
750,PG
751,SD
752,SD
753,PG
754,PG
755,PG
756,SD
757,SD
758,SD
759,PG
760,PG
761,KVI
762,KVI
763,SD
764,KVI
765,PG
766,KVI
767,PG
768,SD
769,SD
770,PG
771,KVI
772,PG
773,SD
774,SD
775,PG
776,SD
777,PG
778,SD
779,PG
780,PG
781,SD
782,PG
783,PG
784,SD
785,PG
786,PG
787,PG
788,PG
789,PG
790,SD
791,PG
792,SD
793,SD
794,PG
795,SD
796,SD
797,PG
798,PG
799,PG
800,PG
801,PG
802,PG
803,PG
804,PG
805,SD
806,PG
807,SD
808,KVI
809,PG
810,PG
811,PG
812,PG
813,PG
814,PG
815,SD
816,PG
817,PG
818,SD
819,SD
820,PG
821,PG
822,PG
823,KVI
824,PG
825,PG
826,PG
827,KVI
828,PG
829,PG
830,PG
831,PG
832,PG
833,PG
834,SD
835,PG
836,SD
837,PG
838,SD
839,PG
840,PG
841,PG
842,PG
843,PG
844,KVI
845,SD
846,SD
847,SD
848,SD
849,PG
850,PG
851,SD
852,SD
853,PG
854,PG
855,PG
856,PG
857,SD
858,PG
859,SD
860,PG
861,PG
862,PG
863,KVI
864,PG
865,PG
866,PG
867,PG
868,PG
869,PG
870,PG
871,KVI
872,KVI
873,KVI
874,PG
875,SD
876,PG
877,PG
878,SD
879,PG
880,KVI
881,PG
882,KVI
883,PG
884,PG
885,SD
886,PG
887,KVI
888,PG
889,SD
890,PG
891,PG
892,PG
893,PG
894,KVI
895,SD
896,SD
897,SD
898,SD
899,KVI
900,SD
901,SD
902,PG
903,SD
904,PG
905,KVI
906,PG
907,KVI
908,PG
909,SD
910,SD
911,SD
912,PG
913,KVI
914,PG
915,PG
916,PG
917,KVI
918,PG
919,PG
920,PG
921,KVI
922,PG
923,SD
924,PG
925,PG
926,PG
927,SD
928,PG
929,KVI
930,PG
931,SD
932,PG
933,PG
934,PG
935,PG
936,PG
937,PG
938,PG
939,KVI
940,SD
941,KVI
942,PG
943,PG
944,SD
945,SD
946,SD
947,PG
948,SD
949,SD
950,PG
951,PG
952,KVI
953,PG
954,KVI
955,PG
956,PG
957,PG
958,PG
959,SD
960,PG
961,SD
962,SD
963,PG
964,SD
965,PG
966,PG
967,PG
968,SD
969,PG
970,PG
971,PG
972,PG
973,SD
974,PG
975,SD
976,PG
977,KVI
978,SD
979,PG
980,PG
981,PG
982,SD
983,PG
984,SD
985,PG
986,PG
987,PG
988,SD
989,SD
990,KVI
991,SD
992,SD
993,PG
994,SD
995,SD
996,SD
997,SD
998,SD
999,SD
1000,PG
1001,PG
1002,SD
1003,PG
1004,PG
1005,PG
1006,SD
1007,SD
1008,SD
1009,PG
1010,PG
1011,SD
1012,PG
1013,PG
1014,PG
1015,SD
1016,PG
1017,PG
1018,PG
1019,PG
1020,SD
1021,PG
1022,KVI
1023,PG
1024,PG
1025,PG
1026,SD
1027,PG
1028,PG
1029,PG
1030,KVI
1031,PG
1032,PG
1033,PG
1034,PG
1035,PG
1036,KVI
1037,PG
1038,PG
1039,PG
1040,PG
1041,PG
1042,PG
1043,KVI
1044,KVI
1045,PG
1046,PG
1047,PG
1048,PG
1049,PG
1050,PG
1051,PG
1052,PG
1053,SD
1054,SD
1055,PG
1056,PG
1057,PG
1058,PG
1059,PG
1060,PG
1061,PG
1062,PG
1063,KVI
1064,PG
1065,PG
1066,PG
1067,SD
1068,PG
1069,PG
1070,PG
1071,SD
1072,SD
1073,PG
1074,PG
1075,PG
1076,PG
1077,PG
1078,KVI
1079,PG
1080,SD
1081,PG
1082,PG
1083,KVI
1084,KVI
1085,KVI
1086,PG
1087,PG
1088,SD
1089,SD
1090,PG
1091,PG
1092,SD
1093,PG
1094,PG
1095,PG
1096,SD
1097,KVI
1098,SD
1099,SD
1100,KVI
1101,PG
1102,PG
1103,SD
1104,PG
1105,PG
1106,PG
1107,PG
1108,KVI
1109,PG
1110,PG
1111,PG
1112,SD
1113,PG
1114,PG
1115,PG
1116,PG
1117,SD
1118,KVI
1119,PG
1120,PG
1121,PG
1122,PG
1123,PG
1124,PG
1125,PG
1126,SD
1127,PG
1128,KVI
1129,PG
1130,PG
1131,KVI
1132,PG
1133,SD
1134,PG
1135,PG
1136,PG
1137,PG
1138,PG
1139,PG
1140,SD
1141,PG
1142,PG
1143,SD
1144,PG
1145,KVI
1146,PG
1147,SD
1148,SD
1149,PG
1150,PG
1151,SD
1152,PG
1153,SD
1154,KVI
1155,PG
1156,PG
1157,PG
1158,PG
1159,SD
1160,SD
1161,SD
1162,PG
1163,SD
1164,SD
1165,PG
1166,SD
1167,PG
1168,PG
1169,SD
1170,PG
1171,PG
1172,PG
1173,PG
1174,SD
1175,PG
1176,PG
1177,KVI
1178,SD
1179,PG
1180,SD
1181,SD
1182,PG
1183,PG
1184,PG
1185,KVI
1186,PG
1187,PG
1188,KVI
1189,SD
1190,PG
1191,PG
1192,SD
1193,KVI
1194,KVI
1195,PG
1196,PG
1197,PG
1198,PG
1199,PG
1200,SD
1201,PG
1202,PG
1203,PG
1204,PG
1205,KVI
1206,SD
1207,PG
1208,PG
1209,PG
1210,SD
1211,PG
1212,PG
1213,PG
1214,PG
1215,PG
1216,PG
1217,PG
1218,PG
1219,PG
1220,SD
1221,PG
1222,SD
1223,PG
1224,KVI
1225,SD
1226,PG
1227,PG
1228,PG
1229,PG
1230,SD
1231,SD
1232,KVI
1233,PG
1234,PG
1235,SD
1236,KVI
1237,PG
1238,PG
1239,SD
1240,PG
1241,PG
1242,PG
1243,PG
1244,KVI
1245,SD
1246,PG
1247,SD
1248,PG
1249,SD
1250,PG
1251,PG
1252,SD
1253,PG
1254,PG
1255,KVI
1256,SD
1257,PG
1258,SD
1259,PG
1260,PG
1261,PG
1262,PG
1263,PG
1264,PG
1265,KVI
1266,SD
1267,PG
1268,PG
1269,KVI
1270,SD
1271,SD
1272,SD
1273,PG
1274,SD
1275,SD
1276,PG
1277,PG
1278,SD
1279,KVI
1280,SD
1281,PG
1282,PG
1283,PG
1284,SD
1285,SD
1286,PG
1287,SD
1288,PG
1289,SD
1290,SD
1291,PG
1292,PG
1293,KVI
1294,KVI
1295,PG
1296,KVI
1297,PG
1298,PG
1299,KVI
1300,SD
1301,PG
1302,SD
1303,PG
1304,PG
1305,SD
1306,PG
1307,SD
1308,SD
1309,PG
1310,KVI
1311,SD
1312,PG
1313,PG
1314,SD
1315,PG
1316,PG
1317,PG
1318,SD
1319,PG
1320,SD
1321,KVI
1322,PG
1323,PG
1324,PG
1325,PG
1326,PG
1327,SD
1328,SD
1329,PG
1330,SD
1331,SD
1332,SD
1333,PG
1334,PG
1335,PG
1336,PG
1337,PG
1338,PG
1339,PG
1340,PG
1341,KVI
1342,SD
1343,PG
1344,PG
1345,PG
1346,SD
1347,PG
1348,PG
1349,PG
1350,PG
1351,PG
1352,PG
1353,PG
1354,PG
1355,PG
1356,PG
1357,SD
1358,PG
1359,SD
1360,SD
1361,PG
1362,SD
1363,SD
1364,SD
1365,SD
1366,SD
1367,SD
1368,PG
1369,PG
1370,SD
1371,PG
1372,PG
1373,PG
1374,SD
1375,KVI
1376,PG
1377,PG
1378,PG
1379,SD
1380,KVI
1381,PG
1382,KVI
1383,PG
1384,PG
1385,PG
1386,PG
1387,PG
1388,PG
1389,SD
1390,PG
1391,SD
1392,PG
1393,PG
1394,PG
1395,PG
1396,PG
1397,PG
1398,PG
1399,PG
1400,PG
1401,PG
1402,PG
1403,PG
1404,SD
1405,PG
1406,PG
1407,PG
1408,PG
1409,PG
1410,PG
1411,PG
1412,PG
1413,KVI
1414,PG
1415,PG
1416,PG
1417,SD
1418,SD
1419,SD
1420,SD
1421,PG
1422,PG
1423,PG
1424,KVI
1425,KVI
1426,SD
1427,PG
1428,PG
1429,PG
1430,PG
1431,PG
1432,SD
1433,PG
1434,PG
1435,SD
1436,KVI
1437,PG
1438,PG
1439,PG
1440,PG
1441,PG
1442,PG
1443,PG
1444,PG
1445,PG
1446,PG
1447,PG
1448,KVI
1449,PG
1450,PG
1451,SD
1452,PG
1453,PG
1454,SD
1455,KVI
1456,PG
1457,SD
1458,KVI
1459,SD
1460,SD
1461,PG
1462,PG
1463,SD
1464,PG
1465,PG
1466,PG
1467,SD
1468,SD
1469,SD
1470,PG
1471,SD
1472,SD
1473,SD
1474,PG
1475,SD
1476,PG
1477,PG
1478,KVI
1479,PG
1480,PG
1481,PG
1482,PG
1483,PG
1484,SD
1485,PG
1486,KVI
1487,PG
1488,SD
1489,SD
1490,KVI
1491,SD
1492,SD
1493,SD
1494,PG
1495,SD
1496,SD
1497,SD
1498,SD
1499,PG
1500,PG
1501,KVI
1502,PG
1503,SD
1504,PG
1505,SD
1506,PG
1507,SD
1508,PG
1509,PG
1510,PG
1511,PG
1512,PG
1513,SD
1514,PG
1515,SD
1516,SD
1517,SD
1518,PG
1519,PG
1520,KVI
1521,SD
1522,PG
1523,SD
1524,PG
1525,PG
1526,KVI
1527,PG
1528,SD
1529,PG
1530,PG
1531,PG
1532,PG
1533,PG
1534,SD
1535,KVI
1536,PG
1537,PG
1538,PG
1539,SD
1540,PG
1541,PG
1542,PG
1543,PG
1544,PG
1545,PG
1546,SD
1547,SD
1548,PG
1549,KVI
1550,PG
1551,PG
1552,PG
1553,PG
1554,PG
1555,PG
1556,PG
1557,PG
1558,KVI
1559,SD
1560,PG
1561,SD
1562,SD
1563,SD
1564,PG
1565,KVI
1566,PG
1567,PG
1568,PG
1569,SD
1570,PG
1571,PG
1572,PG
1573,SD
1574,PG
1575,PG
1576,PG
1577,PG
1578,PG
1579,PG
1580,PG
1581,PG
1582,SD
1583,PG
1584,SD
1585,KVI
1586,PG
1587,PG
1588,PG
1589,SD
1590,SD
1591,KVI
1592,SD
1593,SD
1594,KVI
1595,SD
1596,PG
1597,SD
1598,PG
1599,SD
1600,SD
1601,PG
1602,SD
1603,PG
1604,KVI
1605,SD
1606,SD
1607,PG
1608,PG
1609,SD
1610,PG
1611,PG
1612,PG
1613,SD
1614,PG
1615,PG
1616,KVI
1617,KVI
1618,SD
1619,PG
1620,KVI
1621,SD
1622,PG
1623,PG
1624,SD
1625,SD
1626,SD
1627,SD
1628,PG
1629,PG
1630,SD
1631,PG
1632,SD
1633,PG
1634,PG
1635,PG
1636,PG
1637,SD
1638,SD
1639,PG
1640,SD
1641,PG
1642,PG
1643,PG
1644,KVI
1645,PG
1646,SD
1647,SD
1648,PG
1649,PG
1650,SD
1651,PG
1652,PG
1653,SD
1654,PG
1655,KVI
1656,PG
1657,SD
1658,SD
1659,SD
1660,SD
1661,PG
1662,PG
1663,KVI
1664,KVI
1665,KVI
1666,KVI
1667,PG
1668,PG
1669,PG
1670,SD
1671,PG
1672,PG
1673,SD
1674,PG
1675,KVI
1676,SD
1677,SD
1678,PG
1679,PG
1680,PG
1681,SD
1682,PG
1683,PG
1684,SD
1685,SD
1686,SD
1687,SD
1688,SD
1689,PG
1690,KVI
1691,PG
1692,PG
1693,PG
1694,PG
1695,KVI
1696,PG
1697,SD
1698,SD
1699,PG
1700,SD
1701,SD
1702,PG
1703,PG
1704,PG
1705,SD
1706,PG
1707,SD
1708,PG
1709,PG
1710,PG
1711,PG
1712,PG
1713,PG
1714,KVI
1715,PG
1716,PG
1717,PG
1718,SD
1719,PG
1720,PG
1721,SD
1722,SD
1723,SD
1724,PG
1725,PG
1726,SD
1727,KVI
1728,PG
1729,SD
1730,PG
1731,PG
1732,SD
1733,PG
1734,SD
1735,PG
1736,PG
1737,SD
1738,SD
1739,PG
1740,SD
1741,KVI
1742,SD
1743,SD
1744,SD
1745,PG
1746,SD
1747,SD
1748,PG
1749,PG
1750,PG
1751,PG
1752,PG
1753,PG
1754,PG
1755,PG
1756,PG
1757,PG
1758,SD
1759,KVI
1760,PG
1761,SD
1762,SD
1763,SD
1764,SD
1765,PG
1766,SD
1767,PG
1768,PG
1769,PG
1770,SD
1771,SD
1772,PG
1773,PG
1774,SD
1775,PG
1776,PG
1777,PG
1778,PG
1779,SD
1780,KVI
1781,PG
1782,PG
1783,PG
1784,SD
1785,PG
1786,PG
1787,SD
1788,PG
1789,PG
1790,PG
1791,PG
1792,SD
1793,SD
1794,PG
1795,PG
1796,PG
1797,SD
1798,SD
1799,PG
1800,PG
1801,SD
1802,PG
1803,PG
1804,SD
1805,PG
1806,PG
1807,PG
1808,SD
1809,PG
1810,SD
1811,SD
1812,SD
1813,PG
1814,KVI
1815,PG
1816,SD
1817,PG
1818,SD
1819,SD
1820,PG
1821,SD
1822,PG
1823,KVI
1824,SD
1825,PG
1826,PG
1827,SD
1828,PG
1829,PG
1830,PG
1831,PG
1832,KVI
1833,PG
1834,PG
1835,PG
1836,PG
1837,SD
1838,PG
1839,PG
1840,PG
1841,SD
1842,PG
1843,PG
1844,PG
1845,PG
1846,PG
1847,KVI
1848,PG
1849,KVI
1850,SD
1851,PG
1852,KVI
1853,SD
1854,SD
1855,KVI
1856,KVI
1857,PG
1858,SD
1859,PG
1860,SD
1861,PG
1862,SD
1863,PG
1864,KVI
1865,PG
1866,PG
1867,KVI
1868,PG
1869,KVI
1870,PG
1871,SD
1872,PG
1873,SD
1874,SD
1875,PG
1876,PG
1877,PG
1878,PG
1879,PG
1880,PG
1881,KVI
1882,PG
1883,KVI
1884,SD
1885,PG
1886,PG
1887,PG
1888,SD
1889,KVI
1890,SD
1891,SD
1892,PG
1893,SD
1894,PG
1895,PG
1896,PG
1897,SD
1898,PG
1899,SD
1900,PG
1901,PG
1902,PG
1903,SD
1904,SD
1905,PG
1906,PG
1907,SD
1908,PG
1909,SD
1910,SD
1911,PG
1912,PG
1913,PG
1914,SD
1915,PG
1916,PG
1917,PG
1918,PG
1919,PG
1920,PG
1921,KVI
1922,SD
1923,SD
1924,PG
1925,SD
1926,PG
1927,PG
1928,PG
1929,SD
1930,SD
1931,PG
1932,SD
1933,PG
1934,PG
1935,PG
1936,SD
1937,PG
1938,PG
1939,PG
1940,PG
1941,SD
1942,SD
1943,PG
1944,PG
1945,PG
1946,PG
1947,PG
1948,PG
1949,SD
1950,SD
1951,KVI
1952,PG
1953,PG
1954,PG
1955,PG
1956,SD
1957,SD
1958,PG
1959,PG
1960,PG
1961,SD
1962,PG
1963,PG
1964,PG
1965,PG
1966,PG
1967,SD
1968,PG
1969,SD
1970,PG
1971,PG
1972,SD
1973,SD
1974,SD
1975,KVI
1976,PG
1977,PG
1978,PG
1979,PG
1980,PG
1981,PG
1982,PG
1983,PG
1984,SD
1985,SD
1986,KVI
1987,PG
1988,PG
1989,PG
1990,KVI
1991,PG
1992,PG
1993,PG
1994,SD
1995,SD
1996,SD
1997,PG
1998,PG
1999,PG
2000,SD
2001,SD
2002,PG
2003,PG
2004,PG
2005,PG
2006,SD
2007,SD
2008,PG
2009,SD
2010,PG
2011,PG
2012,KVI
2013,SD
2014,PG
2015,PG
2016,SD
2017,KVI
2018,PG
2019,PG
2020,SD
2021,PG
2022,PG
2023,SD
2024,PG
2025,PG
2026,PG
2027,PG
2028,PG
2029,PG
2030,SD
2031,KVI
2032,PG
2033,PG
2034,PG
2035,SD
2036,SD
2037,SD
2038,PG
2039,PG
2040,SD
2041,PG
2042,KVI
2043,KVI
2044,PG
2045,PG
2046,PG
2047,PG
2048,PG
2049,PG
2050,PG
2051,PG
2052,PG
2053,PG
2054,PG
2055,SD
2056,PG
2057,PG
2058,SD
2059,PG
2060,SD
2061,SD
2062,PG
2063,KVI
2064,PG
2065,SD
2066,SD
2067,PG
2068,KVI
2069,PG
2070,PG
2071,SD
2072,PG
2073,SD
2074,SD
2075,PG
2076,PG
2077,KVI
2078,KVI
2079,KVI
2080,SD
2081,SD
2082,PG
2083,KVI
2084,PG
2085,PG
2086,PG
2087,PG
2088,PG
2089,PG
2090,SD
2091,PG
2092,PG
2093,SD
2094,KVI
2095,PG
2096,PG
2097,SD
2098,PG
2099,PG
2100,SD
2101,PG
2102,SD
2103,PG
2104,PG
2105,PG
2106,PG
2107,PG
2108,PG
2109,PG
2110,PG
2111,PG
2112,PG
2113,PG
2114,PG
2115,PG
2116,PG
2117,KVI
2118,PG
2119,SD
2120,PG
2121,PG
2122,PG
2123,PG
2124,PG
2125,PG
2126,PG
2127,SD
2128,SD
2129,PG
2130,PG
2131,PG
2132,PG
2133,SD
2134,PG
2135,SD
2136,PG
2137,SD
2138,KVI
2139,SD
2140,SD
2141,PG
2142,PG
2143,PG
2144,PG
2145,PG
2146,SD
2147,SD
2148,PG
2149,PG
2150,PG
2151,SD
2152,PG
2153,PG
2154,PG
2155,SD
2156,PG
2157,PG
2158,SD
2159,PG
2160,PG
2161,PG
2162,PG
2163,SD
2164,SD
2165,KVI
2166,PG
2167,PG
2168,KVI
2169,PG
2170,PG
2171,KVI
2172,SD
2173,PG
2174,KVI
2175,PG
2176,PG
2177,PG
2178,SD
2179,SD
2180,PG
2181,PG
2182,PG
2183,PG
2184,SD
2185,PG
2186,KVI
2187,PG
2188,PG
2189,KVI
2190,KVI
2191,SD
2192,SD
2193,KVI
2194,PG
2195,PG
2196,KVI
2197,KVI
2198,KVI
2199,SD
2200,PG
2201,PG
2202,PG
2203,PG
2204,PG
2205,PG
2206,PG
2207,SD
2208,PG
2209,PG
2210,PG
2211,PG
2212,PG
2213,SD
2214,PG
2215,PG
2216,PG
2217,PG
2218,PG
2219,PG
2220,PG
2221,PG
2222,PG
2223,SD
2224,PG
2225,PG
2226,PG
2227,PG
2228,PG
2229,SD
2230,KVI
2231,SD
2232,SD
2233,SD
2234,SD
2235,PG
2236,PG
2237,PG
2238,PG
2239,SD
2240,PG
2241,SD
2242,PG
2243,PG
2244,PG
2245,SD
2246,SD
2247,SD
2248,KVI
2249,KVI
2250,PG
2251,KVI
2252,SD
2253,PG
2254,SD
2255,PG
2256,PG
2257,KVI
2258,PG
2259,PG
2260,PG
2261,PG
2262,PG
2263,KVI
2264,PG
2265,SD
2266,SD
2267,KVI
2268,PG
2269,SD
2270,SD
2271,SD
2272,PG
2273,PG
2274,SD
2275,SD
2276,SD
2277,PG
2278,SD
2279,SD
2280,PG
2281,PG
2282,SD
2283,SD
2284,PG
2285,PG
2286,PG
2287,PG
2288,KVI
2289,PG
2290,PG
2291,PG
2292,SD
2293,KVI
2294,KVI
2295,PG
2296,KVI
2297,KVI
2298,PG
2299,PG
2300,PG
2301,PG
2302,PG
2303,SD
2304,PG
2305,SD
2306,PG
2307,SD
2308,PG
2309,KVI
2310,SD
2311,PG
2312,PG
2313,PG
2314,PG
2315,PG
2316,PG
2317,SD
2318,PG
2319,PG
2320,PG
2321,PG
2322,SD
2323,PG
2324,PG
2325,PG
2326,SD
2327,PG
2328,SD
2329,PG
2330,PG
2331,PG
2332,SD
2333,PG
2334,PG
2335,PG
2336,PG
2337,PG
2338,KVI
2339,PG
2340,PG
2341,PG
2342,KVI
2343,PG
2344,PG
2345,PG
2346,SD
2347,PG
2348,PG
2349,PG
2350,PG
2351,PG
2352,PG
2353,KVI
2354,PG
2355,SD
2356,KVI
2357,SD
2358,KVI
2359,SD
2360,PG
2361,PG
2362,PG
2363,PG
2364,SD
2365,PG
2366,SD
2367,SD
2368,PG
2369,PG
2370,SD
2371,PG
2372,SD
2373,SD
2374,PG
2375,KVI
2376,PG
2377,PG
2378,PG
2379,PG
2380,SD
2381,SD
2382,PG
2383,SD
2384,SD
2385,PG
2386,KVI
2387,PG
2388,SD
2389,SD
2390,PG
2391,PG
2392,SD
2393,PG
2394,PG
2395,PG
2396,PG
2397,KVI
2398,SD
2399,PG
2400,PG
2401,PG
2402,PG
2403,PG
2404,PG
2405,PG
2406,PG
2407,SD
2408,SD
2409,SD
2410,SD
2411,SD
2412,SD
2413,PG
2414,PG
2415,PG
2416,PG
2417,SD
2418,SD
2419,SD
2420,PG
2421,PG
2422,PG
2423,PG
2424,PG
2425,PG
2426,PG
2427,PG
2428,PG
2429,KVI
2430,PG
2431,PG
2432,PG
2433,SD
2434,PG
2435,PG
2436,KVI
2437,PG
2438,PG
2439,PG
2440,SD
2441,PG
2442,PG
2443,PG
2444,PG
2445,PG
2446,PG
2447,PG
2448,SD
2449,SD
2450,PG
2451,PG
2452,PG
2453,PG
2454,PG
2455,PG
2456,SD
2457,PG
2458,PG
2459,PG
2460,PG
2461,PG
2462,SD
2463,SD
2464,SD
2465,SD
2466,PG
2467,PG
2468,SD
2469,SD
2470,KVI
2471,KVI
2472,PG
2473,SD
2474,PG
2475,KVI
2476,PG
2477,PG
2478,PG
2479,SD
2480,PG
2481,PG
2482,PG
2483,KVI
2484,SD
2485,PG
2486,PG
2487,PG
2488,PG
2489,PG
2490,PG
2491,PG
2492,KVI
2493,SD
2494,SD
2495,PG
2496,PG
2497,SD
2498,PG
2499,PG
2500,SD
2501,PG
2502,PG
2503,PG
2504,PG
2505,PG
2506,SD
2507,SD
2508,PG
2509,SD
2510,PG
2511,SD
2512,SD
2513,PG
2514,KVI
2515,PG
2516,PG
2517,SD
2518,PG
2519,SD
2520,PG
2521,PG
2522,SD
2523,SD
2524,SD
2525,PG
2526,PG
2527,PG
2528,PG
2529,SD
2530,SD
2531,SD
2532,SD
2533,PG
2534,KVI
2535,KVI
2536,SD
2537,PG
2538,SD
2539,PG
2540,PG
2541,PG
2542,PG
2543,SD
2544,PG
2545,PG
2546,SD
2547,PG
2548,PG
2549,PG
2550,SD
2551,PG
2552,SD
2553,SD
2554,PG
2555,PG
2556,KVI
2557,PG
2558,PG
2559,SD
2560,SD
2561,PG
2562,PG
2563,PG
2564,PG
2565,SD
2566,SD
2567,SD
2568,PG
2569,SD
2570,PG
2571,SD
2572,KVI
2573,PG
2574,PG
2575,PG
2576,SD
2577,SD
2578,SD
2579,SD
2580,PG
2581,PG
2582,PG
2583,PG
2584,SD
2585,PG
2586,PG
2587,PG
2588,SD
2589,PG
2590,SD
2591,PG
2592,SD
2593,PG
2594,PG
2595,PG
2596,SD
2597,PG
2598,SD
2599,PG
2600,KVI
2601,SD
2602,PG
2603,KVI
2604,PG
2605,SD
2606,PG
2607,KVI
2608,PG
2609,SD
2610,PG
2611,SD
2612,SD
2613,PG
2614,PG
2615,PG
2616,PG
2617,PG
2618,PG
2619,PG
2620,PG
2621,KVI
2622,SD
2623,PG
2624,PG
2625,PG
2626,PG
2627,PG
2628,PG
2629,KVI
2630,PG
2631,PG
2632,PG
2633,KVI
2634,PG
2635,SD
2636,KVI
2637,SD
2638,PG
2639,PG
2640,SD
2641,KVI
2642,PG
2643,PG
2644,PG
2645,PG
2646,PG
2647,SD
2648,PG
2649,PG
2650,SD
2651,PG
2652,KVI
2653,PG
2654,PG
2655,PG
2656,SD
2657,SD
2658,PG
2659,PG
2660,SD
2661,KVI
2662,PG
2663,PG
2664,KVI
2665,PG
2666,PG
2667,PG
2668,PG
2669,PG
2670,KVI
2671,PG
2672,PG
2673,SD
2674,SD
2675,SD
2676,KVI
2677,PG
2678,KVI
2679,PG
2680,PG
2681,PG
2682,SD
2683,PG
2684,SD
2685,PG
2686,SD
2687,PG
2688,PG
2689,SD
2690,PG
2691,SD
2692,PG
2693,SD
2694,PG
2695,PG
2696,SD
2697,PG
2698,PG
2699,PG
2700,SD
2701,PG
2702,SD
2703,SD
2704,PG
2705,KVI
2706,PG
2707,SD
2708,PG
2709,SD
2710,PG
2711,PG
2712,SD
2713,SD
2714,PG
2715,SD
2716,KVI
2717,SD
2718,PG
2719,PG
2720,SD
2721,SD
2722,PG
2723,PG
2724,PG
2725,PG
2726,PG
2727,KVI
2728,PG
2729,PG
2730,PG
2731,PG
2732,SD
2733,PG
2734,PG
2735,PG
2736,PG
2737,SD
2738,PG
2739,KVI
2740,SD
2741,PG
2742,PG
2743,SD
2744,SD
2745,PG
2746,PG
2747,PG
2748,PG
2749,KVI
2750,PG
2751,PG
2752,SD
2753,PG
2754,PG
2755,SD
2756,SD
2757,SD
2758,SD
2759,PG
2760,SD
2761,KVI
2762,PG
2763,PG
2764,PG
2765,PG
2766,SD
2767,PG
2768,PG
2769,PG
2770,KVI
2771,PG
2772,SD
2773,KVI
2774,KVI
2775,PG
2776,PG
2777,SD
2778,PG
2779,PG
2780,PG
2781,PG
2782,SD
2783,PG
2784,PG
2785,SD
2786,PG
2787,PG
2788,PG
2789,SD
2790,PG
2791,PG
2792,PG
2793,KVI
2794,SD
2795,PG
2796,PG
2797,PG
2798,PG
2799,PG
2800,PG
2801,PG
2802,SD
2803,SD
2804,SD
2805,KVI
2806,PG
2807,KVI
2808,PG
2809,SD
2810,PG
2811,PG
2812,KVI
2813,PG
2814,SD
2815,PG
2816,PG
2817,SD
2818,SD
2819,PG
2820,PG
2821,PG
2822,PG
2823,SD
2824,KVI
2825,PG
2826,SD
2827,KVI
2828,PG
2829,PG
2830,PG
2831,SD
2832,PG
2833,PG
2834,SD
2835,SD
2836,KVI
2837,SD
2838,PG
2839,PG
2840,SD
2841,SD
2842,PG
2843,PG
2844,PG
2845,PG
2846,PG
2847,PG
2848,PG
2849,PG
2850,PG
2851,SD
2852,PG
2853,SD
2854,SD
2855,PG
2856,PG
2857,SD
2858,PG
2859,PG
2860,KVI
2861,PG
2862,SD
2863,SD
2864,PG
2865,SD
2866,PG
2867,PG
2868,SD
2869,KVI
2870,SD
2871,PG
2872,KVI
2873,SD
2874,PG
2875,PG
2876,SD
2877,SD
2878,PG
2879,PG
2880,SD
2881,PG
2882,KVI
2883,PG
2884,PG
2885,PG
2886,PG
2887,SD
2888,PG
2889,KVI
2890,SD
2891,PG
2892,PG
2893,PG
2894,PG
2895,PG
2896,PG
2897,PG
2898,PG
2899,KVI
2900,SD
2901,PG
2902,SD
2903,KVI
2904,PG
2905,KVI
2906,PG
2907,PG
2908,PG
2909,SD
2910,KVI
2911,SD
2912,PG
2913,PG
2914,SD
2915,PG
2916,PG
2917,PG
2918,SD
2919,PG
2920,PG
2921,PG
2922,SD
2923,PG
2924,SD
2925,PG
2926,SD
2927,PG
2928,SD
2929,SD
2930,PG
2931,PG
2932,PG
2933,SD
2934,PG
2935,SD
2936,SD
2937,PG
2938,PG
2939,PG
2940,PG
2941,PG
2942,SD
2943,PG
2944,PG
2945,PG
2946,PG
2947,PG
2948,PG
2949,PG
2950,KVI
2951,PG
2952,SD
2953,PG
2954,KVI
2955,PG
2956,PG
2957,PG
2958,PG
2959,PG
2960,PG
2961,PG
2962,PG
2963,PG
2964,PG
2965,PG
2966,SD
2967,PG
2968,PG
2969,PG
2970,PG
2971,PG
2972,PG
2973,PG
2974,PG
2975,PG
2976,PG
2977,PG
2978,PG
2979,PG
2980,PG
2981,PG
2982,PG
2983,PG
2984,SD
2985,KVI
2986,PG
2987,PG
2988,PG
2989,PG
2990,PG
2991,PG
2992,PG
2993,PG
2994,SD
2995,PG
2996,PG
2997,SD
2998,SD
2999,KVI
3000,SD
3001,PG
3002,PG
3003,PG
3004,PG
3005,PG
3006,PG
3007,PG
3008,KVI
3009,PG
3010,PG
3011,SD
3012,KVI
3013,PG
3014,PG
3015,SD
3016,PG
3017,SD
3018,SD
3019,PG
3020,SD
3021,PG
3022,PG
3023,SD
3024,PG
3025,SD
3026,PG
3027,SD
3028,PG
3029,SD
3030,PG
3031,KVI
3032,KVI
3033,SD
3034,PG
3035,PG
3036,PG
3037,PG
3038,PG
3039,PG
3040,SD
3041,PG
3042,SD
3043,SD
3044,KVI
3045,SD
3046,PG
3047,SD
3048,SD
3049,SD
3050,PG
3051,PG
3052,PG
3053,PG
3054,PG
3055,PG
3056,PG
3057,KVI
3058,SD
3059,PG
3060,PG
3061,PG
3062,PG
3063,PG
3064,PG
3065,PG
3066,PG
3067,SD
3068,SD
3069,KVI
3070,SD
3071,PG
3072,PG
3073,PG
3074,PG
3075,KVI
3076,SD
3077,PG
3078,SD
3079,PG
3080,PG
3081,PG
3082,PG
3083,SD
3084,PG
3085,PG
3086,PG
3087,PG
3088,PG
3089,SD
3090,PG
3091,SD
3092,PG
3093,PG
3094,PG
3095,SD
3096,SD
3097,SD
3098,PG
3099,KVI
3100,PG
3101,PG
3102,SD
3103,PG
3104,SD
3105,SD
3106,PG
3107,PG
3108,PG
3109,SD
3110,SD
3111,SD
3112,SD
3113,SD
3114,SD
3115,PG
3116,SD
3117,SD
3118,KVI
3119,PG
3120,SD
3121,SD
3122,SD
3123,SD
3124,PG
3125,SD
3126,SD
3127,KVI
3128,SD
3129,SD
3130,KVI
3131,SD
3132,PG
3133,SD
3134,PG
3135,PG
3136,PG
3137,PG
3138,PG
3139,SD
3140,PG
3141,PG
3142,SD
3143,KVI
3144,PG
3145,PG
3146,SD
3147,KVI
3148,PG
3149,PG
3150,PG
3151,PG
3152,SD
3153,KVI
3154,SD
3155,PG
3156,PG
3157,SD
3158,KVI
3159,SD
3160,PG
3161,SD
3162,PG
3163,PG
3164,KVI
3165,PG
3166,PG
3167,SD
3168,PG
3169,PG
3170,PG
3171,KVI
3172,SD
3173,SD
3174,PG
3175,KVI
3176,PG
3177,SD
3178,PG
3179,PG
3180,PG
3181,PG
3182,PG
3183,PG
3184,SD
3185,PG
3186,PG
3187,PG
3188,PG
3189,PG
3190,PG
3191,PG
3192,KVI
3193,PG
3194,SD
3195,SD
3196,PG
3197,PG
3198,PG
3199,PG
3200,PG
3201,KVI
3202,SD
3203,SD
3204,SD
3205,PG
3206,PG
3207,PG
3208,SD
3209,SD
3210,PG
3211,PG
3212,PG
3213,KVI
3214,PG
3215,PG
3216,PG
3217,PG
3218,PG
3219,PG
3220,SD
3221,SD
3222,PG
3223,KVI
3224,SD
3225,PG
3226,PG
3227,SD
3228,SD
3229,PG
3230,KVI
3231,PG
3232,PG
3233,PG
3234,SD
3235,PG
3236,PG
3237,PG
3238,PG
3239,KVI
3240,PG
3241,KVI
3242,PG
3243,PG
3244,SD
3245,PG
3246,PG
3247,PG
3248,PG
3249,PG
3250,PG
3251,PG
3252,PG
3253,PG
3254,PG
3255,PG
3256,SD
3257,PG
3258,PG
3259,SD
3260,PG
3261,PG
3262,PG
3263,PG
3264,PG
3265,PG
3266,PG
3267,PG
3268,SD
3269,SD
3270,SD
3271,SD
3272,PG
3273,SD
3274,SD
3275,PG
3276,PG
3277,PG
3278,PG
3279,SD
3280,PG
3281,PG
3282,PG
3283,SD
3284,SD
3285,KVI
3286,PG
3287,PG
3288,PG
3289,SD
3290,PG
3291,PG
3292,PG
3293,SD
3294,SD
3295,SD
3296,KVI
3297,PG
3298,SD
3299,PG
3300,PG
3301,PG
3302,PG
3303,PG
3304,PG
3305,PG
3306,PG
3307,PG
3308,PG
3309,KVI
3310,SD
3311,PG
3312,PG
3313,PG
3314,PG
3315,PG
3316,PG
3317,PG
3318,PG
3319,PG
3320,SD
3321,SD
3322,PG
3323,KVI
3324,SD
3325,SD
3326,PG
3327,PG
3328,KVI
3329,SD
3330,PG
3331,SD
3332,PG
3333,SD
3334,SD
3335,PG
3336,PG
3337,PG
3338,SD
3339,PG
3340,SD
3341,SD
3342,PG
3343,SD
3344,PG
3345,PG
3346,SD
3347,PG
3348,PG
3349,KVI
3350,PG
3351,KVI
3352,PG
3353,PG
3354,SD
3355,PG
3356,KVI
3357,PG
3358,PG
3359,SD
3360,PG
3361,PG
3362,PG
3363,PG
3364,PG
3365,SD
3366,PG
3367,PG
3368,PG
3369,SD
3370,PG
3371,PG
3372,PG
3373,PG
3374,PG
3375,SD
3376,KVI
3377,PG
3378,SD
3379,SD
3380,PG
3381,PG
3382,SD
3383,PG
3384,PG
3385,PG
3386,PG
3387,SD
3388,PG
3389,PG
3390,PG
3391,PG
3392,PG
3393,PG
3394,SD
3395,PG
3396,SD
3397,PG
3398,PG
3399,SD
3400,PG
3401,KVI
3402,PG
3403,PG
3404,SD
3405,SD
3406,SD
3407,KVI
3408,PG
3409,PG
3410,SD
3411,PG
3412,PG
3413,SD
3414,SD
3415,PG
3416,PG
3417,PG
3418,SD
3419,PG
3420,PG
3421,PG
3422,PG
3423,PG
3424,SD
3425,PG
3426,SD
3427,PG
3428,SD
3429,PG
3430,PG
3431,SD
3432,SD
3433,PG
3434,SD
3435,PG
3436,PG
3437,PG
3438,PG
3439,PG
3440,KVI
3441,PG
3442,PG
3443,PG
3444,SD
3445,PG
3446,SD
3447,KVI
3448,SD
3449,PG
3450,SD
3451,PG
3452,PG
3453,PG
3454,SD
3455,PG
3456,KVI
3457,SD
3458,PG
3459,PG
3460,PG
3461,PG
3462,PG
3463,SD
3464,KVI
3465,PG
3466,PG
3467,KVI
3468,PG
3469,SD
3470,PG
3471,PG
3472,KVI
3473,KVI
3474,KVI
3475,SD
3476,SD
3477,PG
3478,PG
3479,PG
3480,PG
3481,PG
3482,PG
3483,PG
3484,SD
3485,SD
3486,SD
3487,PG
3488,SD
3489,PG
3490,PG
3491,PG
3492,PG
3493,PG
3494,PG
3495,SD
3496,PG
3497,PG
3498,PG
3499,KVI
3500,PG
3501,SD
3502,PG
3503,PG
3504,PG
3505,PG
3506,SD
3507,SD
3508,PG
3509,KVI
3510,PG
3511,PG
3512,PG
3513,PG
3514,KVI
3515,KVI
3516,PG
3517,PG
3518,SD
3519,PG
3520,SD
3521,SD
3522,SD
3523,KVI
3524,KVI
3525,KVI
3526,KVI
3527,SD
3528,PG
3529,SD
3530,PG
3531,PG
3532,PG
3533,SD
3534,PG
3535,PG
3536,SD
3537,SD
3538,PG
3539,SD
3540,SD
3541,PG
3542,PG
3543,PG
3544,PG
3545,PG
3546,KVI
3547,PG
3548,PG
3549,PG
3550,SD
3551,SD
3552,SD
3553,PG
3554,PG
3555,SD
3556,PG
3557,PG
3558,SD
3559,SD
3560,SD
3561,PG
3562,PG
3563,PG
3564,SD
3565,PG
3566,SD
3567,PG
3568,PG
3569,PG
3570,PG
3571,PG
3572,KVI
3573,PG
3574,PG
3575,PG
3576,KVI
3577,PG
3578,PG
3579,SD
3580,PG
3581,SD
3582,PG
3583,PG
3584,SD
3585,SD
3586,SD
3587,SD
3588,SD
3589,PG
3590,KVI
3591,SD
3592,SD
3593,KVI
3594,PG
3595,PG
3596,KVI
3597,PG
3598,KVI
3599,PG
3600,PG
3601,PG
3602,PG
3603,PG
3604,PG
3605,PG
3606,KVI
3607,KVI
3608,SD
3609,PG
3610,SD
3611,SD
3612,KVI
3613,PG
3614,PG
3615,SD
3616,SD
3617,PG
3618,SD
3619,PG
3620,PG
3621,PG
3622,SD
3623,KVI
3624,PG
3625,SD
3626,PG
3627,PG
3628,PG
3629,SD
3630,SD
3631,PG
3632,SD
3633,PG
3634,SD
3635,KVI
3636,PG
3637,PG
3638,KVI
3639,PG
3640,PG
3641,SD
3642,SD
3643,SD
3644,PG
3645,PG
3646,PG
3647,SD
3648,PG
3649,KVI
3650,PG
3651,SD
3652,SD
3653,SD
3654,PG
3655,PG
3656,SD
3657,PG
3658,KVI
3659,PG
3660,SD
3661,PG
3662,PG
3663,SD
3664,PG
3665,SD
3666,PG
3667,PG
3668,SD
3669,PG
3670,PG
3671,PG
3672,PG
3673,PG
3674,PG
3675,KVI
3676,SD
3677,SD
3678,SD
3679,PG
3680,PG
3681,PG
3682,PG
3683,PG
3684,PG
3685,PG
3686,KVI
3687,PG
3688,PG
3689,PG
3690,SD
3691,PG
3692,PG
3693,KVI
3694,PG
3695,PG
3696,PG
3697,PG
3698,KVI
3699,PG
3700,SD
3701,SD
3702,SD
3703,PG
3704,KVI
3705,SD
3706,PG
3707,SD
3708,SD
3709,SD
3710,SD
3711,SD
3712,PG
3713,SD
3714,PG
3715,SD
3716,SD
3717,PG
3718,PG
3719,PG
3720,PG
3721,PG
3722,SD
3723,SD
3724,PG
3725,PG
3726,SD
3727,SD
3728,PG
3729,SD
3730,PG
3731,KVI
3732,SD
3733,KVI
3734,PG
3735,PG
3736,PG
3737,PG
3738,KVI
3739,SD
3740,PG
3741,SD
3742,SD
3743,SD
3744,SD
3745,PG
3746,PG
3747,SD
3748,SD
3749,PG
3750,PG
3751,PG
3752,PG
3753,SD
3754,SD
3755,PG
3756,PG
3757,PG
3758,PG
3759,SD
3760,SD
3761,SD
3762,PG
3763,PG
3764,SD
3765,SD
3766,PG
3767,PG
3768,PG
3769,PG
3770,PG
3771,SD
3772,KVI
3773,SD
3774,PG
3775,PG
3776,KVI
3777,SD
3778,SD
3779,PG
3780,KVI
3781,PG
3782,PG
3783,PG
3784,SD
3785,PG
3786,PG
3787,PG
3788,SD
3789,SD
3790,PG
3791,SD
3792,SD
3793,SD
3794,SD
3795,SD
3796,SD
3797,PG
3798,PG
3799,PG
3800,SD
3801,SD
3802,SD
3803,PG
3804,PG
3805,PG
3806,PG
3807,SD
3808,KVI
3809,PG
3810,SD
3811,SD
3812,PG
3813,SD
3814,PG
3815,KVI
3816,SD
3817,KVI
3818,PG
3819,PG
3820,PG
3821,PG
3822,SD
3823,SD
3824,PG
3825,SD
3826,PG
3827,SD
3828,SD
3829,SD
3830,PG
3831,SD
3832,SD
3833,PG
3834,SD
3835,SD
3836,SD
3837,SD
3838,PG
3839,PG
3840,PG
3841,PG
3842,PG
3843,KVI
3844,PG
3845,PG
3846,KVI
3847,PG
3848,PG
3849,PG
3850,SD
3851,PG
3852,PG
3853,PG
3854,PG
3855,PG
3856,PG
3857,SD
3858,PG
3859,SD
3860,SD
3861,SD
3862,PG
3863,SD
3864,PG
3865,SD
3866,SD
3867,PG
3868,PG
3869,SD
3870,PG
3871,PG
3872,SD
3873,SD
3874,SD
3875,SD
3876,SD
3877,PG
3878,SD
3879,PG
3880,PG
3881,PG
3882,SD
3883,SD
3884,PG
3885,PG
3886,PG
3887,PG
3888,PG
3889,SD
3890,PG
3891,SD
3892,PG
3893,PG
3894,PG
3895,PG
3896,PG
3897,PG
3898,PG
3899,PG
3900,KVI
3901,SD
3902,PG
3903,PG
3904,PG
3905,KVI
3906,PG
3907,PG
3908,PG
3909,PG
3910,KVI
3911,SD
3912,PG
3913,PG
3914,PG
3915,SD
3916,KVI
3917,PG
3918,PG
3919,SD
3920,PG
3921,SD
3922,KVI
3923,KVI
3924,SD
3925,PG
3926,SD
3927,PG
3928,KVI
3929,PG
3930,KVI
3931,SD
3932,SD
3933,SD
3934,SD
3935,SD
3936,SD
3937,PG
3938,SD
3939,SD
3940,SD
3941,SD
3942,PG
3943,KVI
3944,PG
3945,SD
3946,PG
3947,PG
3948,PG
3949,PG
3950,PG
3951,PG
3952,PG
3953,PG
3954,PG
3955,SD
3956,PG
3957,SD
3958,PG
3959,SD
3960,KVI
3961,PG
3962,SD
3963,PG
3964,KVI
3965,PG
3966,PG
3967,KVI
3968,SD
3969,SD
3970,PG
3971,PG
3972,SD
3973,SD
3974,PG
3975,SD
3976,SD
3977,PG
3978,SD
3979,SD
3980,PG
3981,SD
3982,PG
3983,SD
3984,SD
3985,PG
3986,PG
3987,SD
3988,PG
3989,KVI
3990,KVI
3991,PG
3992,PG
3993,SD
3994,PG
3995,KVI
3996,PG
3997,KVI
3998,PG
3999,PG
4000,PG
4001,PG
4002,PG
4003,KVI
4004,SD
4005,PG
4006,SD
4007,PG
4008,PG
4009,SD
4010,PG
4011,PG
4012,PG
4013,PG
4014,PG
4015,SD
4016,SD
4017,PG
4018,SD
4019,KVI
4020,PG
4021,SD
4022,PG
4023,PG
4024,SD
4025,KVI
4026,PG
4027,KVI
4028,PG
4029,PG
4030,KVI
4031,SD
4032,PG
4033,PG
4034,PG
4035,SD
4036,SD
4037,SD
4038,PG
4039,SD
4040,PG
4041,PG
4042,PG
4043,SD
4044,SD
4045,PG
4046,SD
4047,PG
4048,PG
4049,PG
4050,PG
4051,PG
4052,SD
4053,PG
4054,SD
4055,SD
4056,PG
4057,KVI
4058,SD
4059,SD
4060,PG
4061,PG
4062,SD
4063,PG
4064,PG
4065,SD
4066,SD
4067,KVI
4068,PG
4069,SD
4070,SD
4071,PG
4072,SD
4073,PG
4074,SD
4075,PG
4076,PG
4077,KVI
4078,PG
4079,SD
4080,PG
4081,PG
4082,SD
4083,SD
4084,SD
4085,PG
4086,KVI
4087,PG
4088,PG
4089,PG
4090,SD
4091,SD
4092,PG
4093,PG
4094,PG
4095,KVI
4096,SD
4097,PG
4098,PG
4099,SD
4100,PG
4101,SD
4102,PG
4103,PG
4104,PG
4105,SD
4106,PG
4107,SD
4108,SD
4109,SD
4110,SD
4111,PG
4112,PG
4113,PG
4114,SD
4115,SD
4116,KVI
4117,SD
4118,PG
4119,PG
4120,SD
4121,SD
4122,PG
4123,PG
4124,PG
4125,SD
4126,PG
4127,SD
4128,PG
4129,PG
4130,SD
4131,PG
4132,PG
4133,SD
4134,SD
4135,PG
4136,PG
4137,SD
4138,PG
4139,PG
4140,SD
4141,SD
4142,PG
4143,PG
4144,PG
4145,PG
4146,PG
4147,PG
4148,KVI
4149,PG
4150,PG
4151,PG
4152,SD
4153,SD
4154,PG
4155,SD
4156,PG
4157,SD
4158,SD
4159,PG
4160,PG
4161,KVI
4162,SD
4163,SD
4164,SD
4165,PG
4166,PG
4167,SD
4168,SD
4169,PG
4170,SD
4171,SD
4172,SD
4173,PG
4174,KVI
4175,PG
4176,PG
4177,SD
4178,SD
4179,PG
4180,PG
4181,PG
4182,PG
4183,KVI
4184,SD
4185,PG
4186,SD
4187,PG
4188,KVI
4189,PG
4190,SD
4191,SD
4192,PG
4193,PG
4194,PG
4195,PG
4196,PG
4197,SD
4198,PG
4199,PG
4200,KVI
4201,PG
4202,SD
4203,PG
4204,SD
4205,PG
4206,PG
4207,SD
4208,PG
4209,KVI
4210,SD
4211,PG
4212,KVI
4213,SD
4214,KVI
4215,SD
4216,PG
4217,SD
4218,PG
4219,PG
4220,SD
4221,PG
4222,PG
4223,PG
4224,KVI
4225,SD
4226,SD
4227,SD
4228,SD
4229,SD
4230,PG
4231,SD
4232,PG
4233,SD
4234,PG
4235,PG
4236,SD
4237,SD
4238,SD
4239,PG
4240,KVI
4241,SD
4242,PG
4243,SD
4244,SD
4245,PG
4246,PG
4247,PG
4248,SD
4249,SD
4250,SD
4251,SD
4252,SD
4253,PG
4254,PG
4255,PG
4256,PG
4257,SD
4258,PG
4259,PG
4260,PG
4261,PG
4262,PG
4263,PG
4264,SD
4265,PG
4266,PG
4267,PG
4268,SD
4269,PG
4270,KVI
4271,SD
4272,PG
4273,PG
4274,KVI
4275,SD
4276,PG
4277,PG
4278,SD
4279,SD
4280,SD
4281,SD
4282,PG
4283,KVI
4284,PG
4285,PG
4286,SD
4287,SD
4288,SD
4289,PG
4290,SD
4291,SD
4292,PG
4293,SD
4294,KVI
4295,SD
4296,PG
4297,PG
4298,SD
4299,PG
4300,PG
4301,SD
4302,PG
4303,SD
4304,PG
4305,PG
4306,PG
4307,PG
4308,PG
4309,PG
4310,KVI
4311,SD
4312,KVI
4313,SD
4314,SD
4315,PG
4316,SD
4317,SD
4318,PG
4319,SD
4320,PG
4321,PG
4322,PG
4323,SD
4324,PG
4325,PG
4326,PG
4327,PG
4328,PG
4329,SD
4330,SD
4331,PG
4332,PG
4333,PG
4334,SD
4335,PG
4336,PG
4337,PG
4338,PG
4339,PG
4340,SD
4341,PG
4342,SD
4343,SD
4344,PG
4345,PG
4346,SD
4347,PG
4348,SD
4349,PG
4350,SD
4351,PG
4352,PG
4353,PG
4354,SD
4355,PG
4356,PG
4357,KVI
4358,PG
4359,PG
4360,PG
4361,SD
4362,PG
4363,SD
4364,SD
4365,KVI
4366,PG
4367,PG
4368,PG
4369,KVI
4370,KVI
4371,PG
4372,KVI
4373,PG
4374,PG
4375,PG
4376,PG
4377,PG
4378,PG
4379,PG
4380,SD
4381,PG
4382,PG
4383,PG
4384,SD
4385,KVI
4386,PG
4387,KVI
4388,KVI
4389,SD
4390,KVI
4391,PG
4392,PG
4393,PG
4394,SD
4395,PG
4396,SD
4397,PG
4398,KVI
4399,KVI
4400,SD
4401,PG
4402,PG
4403,PG
4404,PG
4405,SD
4406,PG
4407,PG
4408,SD
4409,SD
4410,PG
4411,PG
4412,PG
4413,SD
4414,PG
4415,SD
4416,PG
4417,PG
4418,PG
4419,PG
4420,PG
4421,PG
4422,SD
4423,PG
4424,PG
4425,PG
4426,PG
4427,PG
4428,SD
4429,PG
4430,PG
4431,PG
4432,SD
4433,PG
4434,PG
4435,KVI
4436,SD
4437,KVI
4438,SD
4439,PG
4440,PG
4441,PG
4442,PG
4443,PG
4444,PG
4445,SD
4446,PG
4447,PG
4448,SD
4449,PG
4450,PG
4451,PG
4452,SD
4453,PG
4454,PG
4455,SD
4456,PG
4457,PG
4458,KVI
4459,PG
4460,PG
4461,PG
4462,SD
4463,PG
4464,PG
4465,SD
4466,PG
4467,SD
4468,PG
4469,KVI
4470,SD
4471,PG
4472,PG
4473,PG
4474,PG
4475,SD
4476,SD
4477,SD
4478,PG
4479,SD
4480,PG
4481,PG
4482,PG
4483,PG
4484,PG
4485,PG
4486,SD
4487,SD
4488,PG
4489,PG
4490,PG
4491,KVI
4492,PG
4493,PG
4494,PG
4495,PG
4496,PG
4497,PG
4498,KVI
4499,PG
4500,PG
4501,PG
4502,PG
4503,PG
4504,PG
4505,SD
4506,SD
4507,SD
4508,PG
4509,PG
4510,PG
4511,PG
4512,PG
4513,SD
4514,PG
4515,SD
4516,PG
4517,PG
4518,PG
4519,KVI
4520,SD
4521,KVI
4522,PG
4523,PG
4524,PG
4525,KVI
4526,SD
4527,PG
4528,PG
4529,SD
4530,SD
4531,SD
4532,PG
4533,SD
4534,SD
4535,PG
4536,PG
4537,KVI
4538,SD
4539,KVI
4540,PG
4541,SD
4542,PG
4543,PG
4544,SD
4545,PG
4546,PG
4547,PG
4548,PG
4549,PG
4550,PG
4551,PG
4552,PG
4553,PG
4554,KVI
4555,SD
4556,SD
4557,SD
4558,PG
4559,KVI
4560,SD
4561,PG
4562,PG
4563,PG
4564,PG
4565,SD
4566,SD
4567,PG
4568,KVI
4569,PG
4570,SD
4571,SD
4572,SD
4573,PG
4574,KVI
4575,PG
4576,SD
4577,PG
4578,KVI
4579,SD
4580,PG
4581,PG
4582,SD
4583,PG
4584,PG
4585,PG
4586,SD
4587,PG
4588,PG
4589,PG
4590,PG
4591,PG
4592,SD
4593,PG
4594,SD
4595,PG
4596,PG
4597,SD
4598,SD
4599,PG
4600,PG
4601,PG
4602,SD
4603,PG
4604,SD
4605,KVI
4606,SD
4607,SD
4608,PG
4609,SD
4610,PG
4611,KVI
4612,SD
4613,SD
4614,PG
4615,SD
4616,SD
4617,SD
4618,PG
4619,PG
4620,KVI
4621,PG
4622,PG
4623,PG
4624,PG
4625,SD
4626,SD
4627,PG
4628,SD
4629,PG
4630,PG
4631,PG
4632,PG
4633,SD
4634,PG
4635,SD
4636,PG
4637,PG
4638,PG
4639,PG
4640,KVI
4641,PG
4642,PG
4643,PG
4644,PG
4645,PG
4646,SD
4647,PG
4648,KVI
4649,SD
4650,SD
4651,SD
4652,PG
4653,PG
4654,PG
4655,SD
4656,PG
4657,KVI
4658,PG
4659,PG
4660,PG
4661,PG
4662,SD
4663,PG
4664,PG
4665,PG
4666,KVI
4667,PG
4668,PG
4669,SD
4670,PG
4671,PG
4672,SD
4673,PG
4674,SD
4675,PG
4676,SD
4677,SD
4678,SD
4679,PG
4680,SD
4681,SD
4682,PG
4683,SD
4684,PG
4685,PG
4686,SD
4687,KVI
4688,PG
4689,PG
4690,PG
4691,PG
4692,SD
4693,PG
4694,SD
4695,SD
4696,PG
4697,SD
4698,PG
4699,PG
4700,SD
4701,SD
4702,PG
4703,SD
4704,SD
4705,SD
4706,PG
4707,PG
4708,KVI
4709,PG
4710,PG
4711,SD
4712,PG
4713,PG
4714,PG
4715,PG
4716,PG
4717,SD
4718,PG
4719,SD
4720,PG
4721,PG
4722,PG
4723,SD
4724,PG
4725,KVI
4726,PG
4727,SD
4728,SD
4729,PG
4730,SD
4731,SD
4732,PG
4733,PG
4734,PG
4735,SD
4736,PG
4737,PG
4738,PG
4739,SD
4740,SD
4741,SD
4742,PG
4743,PG
4744,PG
4745,PG
4746,PG
4747,KVI
4748,PG
4749,PG
4750,SD
4751,SD
4752,SD
4753,KVI
4754,SD
4755,SD
4756,PG
4757,SD
4758,SD
4759,SD
4760,SD
4761,PG
4762,PG
4763,PG
4764,PG
4765,PG
4766,PG
4767,PG
4768,PG
4769,PG
4770,SD
4771,SD
4772,PG
4773,PG
4774,PG
4775,PG
4776,PG
4777,PG
4778,SD
4779,PG
4780,SD
4781,PG
4782,SD
4783,SD
4784,SD
4785,PG
4786,PG
4787,PG
4788,PG
4789,SD
4790,PG
4791,SD
4792,SD
4793,PG
4794,SD
4795,PG
4796,PG
4797,PG
4798,KVI
4799,PG
4800,SD
4801,PG
4802,PG
4803,SD
4804,PG
4805,PG
4806,PG
4807,SD
4808,SD
4809,PG
4810,PG
4811,KVI
4812,PG
4813,KVI
4814,PG
4815,SD
4816,SD
4817,PG
4818,PG
4819,SD
4820,PG
4821,KVI
4822,PG
4823,PG
4824,PG
4825,PG
4826,PG
4827,PG
4828,PG
4829,PG
4830,PG
4831,PG
4832,PG
4833,PG
4834,PG
4835,SD
4836,PG
4837,KVI
4838,SD
4839,PG
4840,PG
4841,PG
4842,SD
4843,SD
4844,PG
4845,PG
4846,SD
4847,SD
4848,KVI
4849,PG
4850,PG
4851,SD
4852,SD
4853,PG
4854,PG
4855,SD
4856,SD
4857,SD
4858,PG
4859,PG
4860,SD
4861,KVI
4862,PG
4863,PG
4864,SD
4865,KVI
4866,SD
4867,PG
4868,PG
4869,PG
4870,PG
4871,SD
4872,PG
4873,PG
4874,PG
4875,PG
4876,PG
4877,PG
4878,PG
4879,SD
4880,PG
4881,SD
4882,PG
4883,PG
4884,PG
4885,SD
4886,PG
4887,PG
4888,SD
4889,KVI
4890,PG
4891,PG
4892,PG
4893,PG
4894,PG
4895,SD
4896,PG
4897,PG
4898,PG
4899,PG
4900,PG
4901,PG
4902,PG
4903,SD
4904,PG
4905,PG
4906,PG
4907,PG
4908,PG
4909,PG
4910,PG
4911,PG
4912,PG
4913,PG
4914,SD
4915,PG
4916,PG
4917,PG
4918,SD
4919,KVI
4920,PG
4921,PG
4922,PG
4923,PG
4924,SD
4925,PG
4926,PG
4927,PG
4928,KVI
4929,SD
4930,KVI
4931,PG
4932,PG
4933,SD
4934,KVI
4935,PG
4936,PG
4937,KVI
4938,PG
4939,SD
4940,PG
4941,SD
4942,SD
4943,PG
4944,SD
4945,PG
4946,SD
4947,PG
4948,PG
4949,KVI
4950,SD
4951,PG
4952,PG
4953,PG
4954,PG
4955,PG
4956,SD
4957,PG
4958,SD
4959,KVI
4960,SD
4961,PG
4962,SD
4963,PG
4964,PG
4965,SD
4966,PG
4967,KVI
4968,SD
4969,SD
4970,PG
4971,PG
4972,PG
4973,SD
4974,SD
4975,PG
4976,PG
4977,PG
4978,PG
4979,PG
4980,PG
4981,PG
4982,PG
4983,SD
4984,SD
4985,PG
4986,PG
4987,PG
4988,PG
4989,PG
4990,PG
4991,PG
4992,PG
4993,SD
4994,SD
4995,PG
4996,KVI
4997,PG
4998,SD
4999,PG
5000,PG
5001,SD
5002,KVI
5003,PG
5004,SD
5005,SD
5006,SD
5007,SD
5008,PG
5009,PG
5010,PG
5011,PG
5012,PG
5013,PG
5014,PG
5015,SD
5016,SD
5017,SD
5018,KVI
5019,SD
5020,KVI
5021,KVI
5022,SD
5023,PG
5024,PG
5025,PG
5026,SD
5027,PG
5028,PG
5029,PG
5030,SD
5031,SD
5032,PG
5033,SD
5034,PG
5035,PG
5036,SD
5037,PG
5038,KVI
5039,SD
5040,PG
5041,PG
5042,PG
5043,SD
5044,KVI
5045,PG
5046,PG
5047,PG
5048,PG
5049,PG
5050,KVI
5051,PG
5052,SD
5053,PG
5054,PG
5055,KVI
5056,PG
5057,PG
5058,SD
5059,PG
5060,PG
5061,SD
5062,PG
5063,PG
5064,PG
5065,PG
5066,PG
5067,PG
5068,PG
5069,KVI
5070,KVI
5071,PG
5072,SD
5073,SD
5074,PG
5075,PG
5076,SD
5077,PG
5078,PG
5079,PG
5080,SD
5081,PG
5082,SD
5083,SD
5084,PG
5085,PG
5086,PG
5087,PG
5088,PG
5089,SD
5090,PG
5091,SD
5092,PG
5093,SD
5094,PG
5095,SD
5096,PG
5097,PG
5098,SD
5099,SD
5100,PG
5101,PG
5102,PG
5103,PG
5104,SD
5105,PG
5106,SD
5107,PG
5108,PG
5109,KVI
5110,PG
5111,SD
5112,SD
5113,KVI
5114,PG
5115,PG
5116,KVI
5117,SD
5118,KVI
5119,PG
5120,SD
5121,KVI
5122,PG
5123,PG
5124,SD
5125,PG
5126,PG
5127,SD
5128,PG
5129,PG
5130,PG
5131,PG
5132,PG
5133,PG
5134,PG
5135,SD
5136,KVI
5137,PG
5138,SD
5139,PG
5140,SD
5141,SD
5142,SD
5143,PG
5144,SD
5145,SD
5146,PG
5147,PG
5148,PG
5149,PG
5150,KVI
5151,PG
5152,SD
5153,KVI
5154,PG
5155,SD
5156,SD
5157,SD
5158,PG
5159,PG
5160,PG
5161,PG
5162,PG
5163,PG
5164,PG
5165,SD
5166,PG
5167,PG
5168,PG
5169,PG
5170,SD
5171,PG
5172,PG
5173,PG
5174,PG
5175,PG
5176,PG
5177,PG
5178,PG
5179,PG
5180,SD
5181,SD
5182,PG
5183,PG
5184,PG
5185,SD
5186,PG
5187,SD
5188,PG
5189,PG
5190,PG
5191,PG
5192,PG
5193,PG
5194,KVI
5195,SD
5196,SD
5197,PG
5198,SD
5199,PG
5200,SD
5201,PG
5202,KVI
5203,PG
5204,SD
5205,PG
5206,PG
5207,SD
5208,SD
5209,PG
5210,SD
5211,PG
5212,PG
5213,SD
5214,SD
5215,PG
5216,SD
5217,SD
5218,PG
5219,PG
5220,PG
5221,PG
5222,SD
5223,SD
5224,SD
5225,KVI
5226,SD
5227,SD
5228,KVI
5229,PG
5230,SD
5231,SD
5232,PG
5233,KVI
5234,PG
5235,KVI
5236,PG
5237,SD
5238,PG
5239,PG
5240,PG
5241,SD
5242,PG
5243,KVI
5244,PG
5245,PG
5246,PG
5247,SD
5248,SD
5249,PG
5250,SD
5251,SD
5252,SD
5253,PG
5254,SD
5255,KVI
5256,PG
5257,PG
5258,KVI
5259,PG
5260,PG
5261,SD
5262,SD
5263,SD
5264,KVI
5265,PG
5266,PG
5267,PG
5268,KVI
5269,PG
5270,PG
5271,PG
5272,PG
5273,SD
5274,PG
5275,PG
5276,PG
5277,SD
5278,PG
5279,PG
5280,PG
5281,PG
5282,SD
5283,SD
5284,KVI
5285,SD
5286,PG
5287,PG
5288,PG
5289,KVI
5290,PG
5291,PG
5292,PG
5293,PG
5294,PG
5295,PG
5296,PG
5297,SD
5298,SD
5299,SD
5300,PG
5301,PG
5302,PG
5303,SD
5304,PG
5305,PG
5306,SD
5307,KVI
5308,PG
5309,SD
5310,PG
5311,SD
5312,PG
5313,PG
5314,PG
5315,PG
5316,PG
5317,KVI
5318,PG
5319,PG
5320,KVI
5321,PG
5322,PG
5323,PG
5324,PG
5325,PG
5326,SD
5327,PG
5328,PG
5329,PG
5330,PG
5331,SD
5332,PG
5333,SD
5334,PG
5335,PG
5336,SD
5337,SD
5338,SD
5339,SD
5340,PG
5341,SD
5342,PG
5343,PG
5344,SD
5345,PG
5346,PG
5347,PG
5348,PG
5349,PG
5350,PG
5351,PG
5352,PG
5353,PG
5354,SD
5355,SD
5356,PG
5357,SD
5358,PG
5359,PG
5360,PG
5361,PG
5362,PG
5363,KVI
5364,PG
5365,PG
5366,SD
5367,PG
5368,PG
5369,PG
5370,PG
5371,SD
5372,SD
5373,PG
5374,PG
5375,SD
5376,PG
5377,PG
5378,PG
5379,PG
5380,PG
5381,SD
5382,PG
5383,PG
5384,PG
5385,PG
5386,PG
5387,KVI
5388,PG
5389,PG
5390,SD
5391,PG
5392,SD
5393,KVI
5394,PG
5395,PG
5396,PG
5397,PG
5398,KVI
5399,SD
5400,KVI
5401,PG
5402,SD
5403,PG
5404,PG
5405,PG
5406,SD
5407,PG
5408,PG
5409,SD
5410,PG
5411,PG
5412,PG
5413,PG
5414,PG
5415,SD
5416,PG
5417,KVI
5418,PG
5419,KVI
5420,SD
5421,PG
5422,PG
5423,PG
5424,PG
5425,PG
5426,SD
5427,SD
5428,PG
5429,PG
5430,KVI
5431,PG
5432,PG
5433,SD
5434,PG
5435,KVI
5436,PG
5437,SD
5438,SD
5439,SD
5440,SD
5441,PG
5442,SD
5443,PG
5444,PG
5445,PG
5446,PG
5447,PG
5448,PG
5449,SD
5450,PG
5451,PG
5452,KVI
5453,KVI
5454,SD
5455,SD
5456,PG
5457,PG
5458,SD
5459,PG
5460,SD
5461,PG
5462,PG
5463,PG
5464,PG
5465,PG
5466,SD
5467,PG
5468,SD
5469,PG
5470,KVI
5471,SD
5472,PG
5473,PG
5474,PG
5475,PG
5476,PG
5477,KVI
5478,SD
5479,SD
5480,SD
5481,KVI
5482,PG
5483,PG
5484,PG
5485,SD
5486,SD
5487,SD
5488,PG
5489,PG
5490,PG
5491,SD
5492,PG
5493,SD
5494,PG
5495,KVI
5496,PG
5497,KVI
5498,KVI
5499,PG
5500,PG
5501,SD
5502,SD
5503,PG
5504,PG
5505,PG
5506,PG
5507,PG
5508,SD
5509,PG
5510,SD
5511,PG
5512,SD
5513,PG
5514,SD
5515,PG
5516,PG
5517,PG
5518,PG
5519,KVI
5520,SD
5521,PG
5522,SD
5523,SD
5524,PG
5525,PG
5526,PG
5527,PG
5528,SD
5529,SD
5530,PG
5531,SD
5532,SD
5533,PG
5534,KVI
5535,PG
5536,PG
5537,PG
5538,PG
5539,PG
5540,SD
5541,PG
5542,PG
5543,SD
5544,PG
5545,PG
5546,SD
5547,SD
5548,PG
5549,KVI
5550,SD
5551,KVI
5552,SD
5553,SD
5554,KVI
5555,SD
5556,PG
5557,PG
5558,PG
5559,SD
5560,PG
5561,PG
5562,PG
5563,PG
5564,SD
5565,PG
5566,PG
5567,PG
5568,PG
5569,PG
5570,PG
5571,PG
5572,PG
5573,PG
5574,KVI
5575,PG
5576,KVI
5577,PG
5578,SD
5579,PG
5580,PG
5581,SD
5582,PG
5583,PG
5584,PG
5585,PG
5586,PG
5587,SD
5588,PG
5589,SD
5590,KVI
5591,PG
5592,SD
5593,PG
5594,PG
5595,PG
5596,PG
5597,SD
5598,SD
5599,PG
5600,PG
5601,PG
5602,KVI
5603,PG
5604,PG
5605,PG
5606,PG
5607,PG
5608,PG
5609,KVI
5610,KVI
5611,PG
5612,PG
5613,SD
5614,PG
5615,PG
5616,PG
5617,SD
5618,PG
5619,PG
5620,SD
5621,PG
5622,SD
5623,PG
5624,SD
5625,PG
5626,PG
5627,SD
5628,PG
5629,KVI
5630,PG
5631,PG
5632,SD
5633,SD
5634,KVI
5635,PG
5636,KVI
5637,SD
5638,SD
5639,PG
5640,PG
5641,PG
5642,PG
5643,SD
5644,PG
5645,SD
5646,KVI
5647,KVI
5648,KVI
5649,PG
5650,KVI
5651,KVI
5652,KVI
5653,PG
5654,KVI
5655,SD
5656,SD
5657,PG
5658,PG
5659,SD
5660,PG
5661,KVI
5662,SD
5663,PG
5664,PG
5665,PG
5666,PG
5667,SD
5668,PG
5669,PG
5670,PG
5671,SD
5672,KVI
5673,KVI
5674,PG
5675,PG
5676,SD
5677,PG
5678,PG
5679,KVI
5680,PG
5681,SD
5682,PG
5683,PG
5684,SD
5685,SD
5686,PG
5687,PG
5688,PG
5689,PG
5690,KVI
5691,KVI
5692,PG
5693,PG
5694,PG
5695,PG
5696,PG
5697,PG
5698,KVI
5699,SD
5700,SD
5701,PG
5702,PG
5703,PG
5704,SD
5705,PG
5706,SD
5707,PG
5708,PG
5709,SD
5710,PG
5711,KVI
5712,SD
5713,PG
5714,SD
5715,PG
5716,SD
5717,PG
5718,SD
5719,SD
5720,SD
5721,SD
5722,PG
5723,PG
5724,PG
5725,PG
5726,SD
5727,PG
5728,KVI
5729,PG
5730,SD
5731,PG
5732,PG
5733,PG
5734,PG
5735,PG
5736,PG
5737,KVI
5738,PG
5739,PG
5740,PG
5741,PG
5742,PG
5743,SD
5744,SD
5745,PG
5746,PG
5747,PG
5748,PG
5749,KVI
5750,PG
5751,PG
5752,SD
5753,PG
5754,PG
5755,PG
5756,SD
5757,PG
5758,SD
5759,SD
5760,PG
5761,SD
5762,PG
5763,PG
5764,PG
5765,PG
5766,PG
5767,PG
5768,SD
5769,KVI
5770,PG
5771,KVI
5772,SD
5773,SD
5774,SD
5775,SD
5776,SD
5777,PG
5778,PG
5779,PG
5780,PG
5781,PG
5782,PG
5783,SD
5784,PG
5785,SD
5786,PG
5787,PG
5788,SD
5789,PG
5790,SD
5791,SD
5792,PG
5793,PG
5794,SD
5795,PG
5796,PG
5797,PG
5798,KVI
5799,PG
5800,KVI
5801,SD
5802,SD
5803,PG
5804,SD
5805,SD
5806,KVI
5807,PG
5808,PG
5809,PG
5810,PG
5811,PG
5812,SD
5813,SD
5814,SD
5815,SD
5816,PG
5817,KVI
5818,SD
5819,PG
5820,PG
5821,KVI
5822,PG
5823,PG
5824,SD
5825,PG
5826,PG
5827,SD
5828,PG
5829,PG
5830,PG
5831,PG
5832,KVI
5833,SD
5834,KVI
5835,PG
5836,PG
5837,SD
5838,PG
5839,PG
5840,SD
5841,SD
5842,PG
5843,PG
5844,PG
5845,PG
5846,KVI
5847,SD
5848,SD
5849,PG
5850,PG
5851,SD
5852,SD
5853,SD
5854,PG
5855,PG
5856,PG
5857,SD
5858,SD
5859,PG
5860,PG
5861,PG
5862,SD
5863,KVI
5864,SD
5865,PG
5866,SD
5867,PG
5868,PG
5869,SD
5870,KVI
5871,PG
5872,SD
5873,PG
5874,SD
5875,PG
5876,SD
5877,SD
5878,PG
5879,SD
5880,PG
5881,PG
5882,SD
5883,SD
5884,PG
5885,PG
5886,SD
5887,PG
5888,PG
5889,PG
5890,SD
5891,SD
5892,PG
5893,SD
5894,PG
5895,PG
5896,KVI
5897,PG
5898,PG
5899,PG
5900,SD
5901,SD
5902,PG
5903,SD
5904,PG
5905,KVI
5906,SD
5907,SD
5908,SD
5909,PG
5910,SD
5911,PG
5912,PG
5913,SD
5914,PG
5915,PG
5916,PG
5917,SD
5918,SD
5919,PG
5920,PG
5921,SD
5922,PG
5923,SD
5924,PG
5925,SD
5926,PG
5927,SD
5928,PG
5929,PG
5930,KVI
5931,KVI
5932,PG
5933,PG
5934,PG
5935,PG
5936,PG
5937,SD
5938,PG
5939,PG
5940,PG
5941,PG
5942,SD
5943,SD
5944,SD
5945,SD
5946,PG
5947,PG
5948,PG
5949,PG
5950,SD
5951,PG
5952,PG
5953,PG
5954,PG
5955,PG
5956,PG
5957,PG
5958,KVI
5959,PG
5960,PG
5961,PG
5962,PG
5963,PG
5964,PG
5965,PG
5966,SD
5967,PG
5968,KVI
5969,SD
5970,PG
5971,PG
5972,PG
5973,PG
5974,PG
5975,SD
5976,PG
5977,PG
5978,PG
5979,SD
5980,SD
5981,PG
5982,PG
5983,PG
5984,SD
5985,PG
5986,PG
5987,PG
5988,PG
5989,PG
5990,PG
5991,PG
5992,KVI
5993,PG
5994,PG
5995,KVI
5996,SD
5997,PG
5998,SD
5999,PG
6000,PG
6001,PG
6002,PG
6003,PG
6004,PG
6005,PG
6006,KVI
6007,PG
6008,PG
6009,PG
6010,PG
6011,PG
6012,PG
6013,PG
6014,PG
6015,SD
6016,PG
6017,KVI
6018,SD
6019,PG
6020,KVI
6021,PG
6022,SD
6023,PG
6024,PG
6025,PG
6026,PG
6027,SD
6028,PG
6029,PG
6030,KVI
6031,KVI
6032,PG
6033,PG
6034,SD
6035,PG
6036,PG
6037,PG
6038,PG
6039,SD
6040,PG
6041,PG
6042,PG
6043,KVI
6044,PG
6045,PG
6046,PG
6047,KVI
6048,SD
6049,PG
6050,PG
6051,PG
6052,PG
6053,PG
6054,PG
6055,PG
6056,PG
6057,PG
6058,PG
6059,PG
6060,PG
6061,SD
6062,KVI
6063,PG
6064,PG
6065,PG
6066,PG
6067,PG
6068,KVI
6069,KVI
6070,PG
6071,PG
6072,PG
6073,PG
6074,SD
6075,SD
6076,PG
6077,PG
6078,PG
6079,SD
6080,SD
6081,SD
6082,PG
6083,PG
6084,SD
6085,PG
6086,SD
6087,SD
6088,PG
6089,KVI
6090,KVI
6091,PG
6092,SD
6093,SD
6094,SD
6095,KVI
6096,KVI
6097,PG
6098,SD
6099,PG
6100,PG
6101,PG
6102,KVI
6103,PG
6104,SD
6105,PG
6106,PG
6107,SD
6108,SD
6109,SD
6110,SD
6111,PG
6112,SD
6113,KVI
6114,PG
6115,SD
6116,PG
6117,PG
6118,PG
6119,PG
6120,SD
6121,PG
6122,PG
6123,SD
6124,SD
6125,PG
6126,PG
6127,PG
6128,PG
6129,PG
6130,PG
6131,PG
6132,PG
6133,SD
6134,PG
6135,PG
6136,PG
6137,PG
6138,KVI
6139,SD
6140,PG
6141,PG
6142,KVI
6143,PG
6144,PG
6145,PG
6146,PG
6147,PG
6148,PG
6149,PG
6150,PG
6151,PG
6152,PG
6153,PG
6154,PG
6155,PG
6156,SD
6157,PG
6158,SD
6159,PG
6160,KVI
6161,PG
6162,PG
6163,SD
6164,PG
6165,PG
6166,KVI
6167,PG
6168,SD
6169,PG
6170,PG
6171,PG
6172,PG
6173,SD
6174,PG
6175,PG
6176,PG
6177,SD
6178,SD
6179,PG
6180,SD
6181,PG
6182,PG
6183,PG
6184,PG
6185,PG
6186,PG
6187,PG
6188,SD
6189,PG
6190,SD
6191,SD
6192,PG
6193,PG
6194,PG
6195,PG
6196,SD
6197,PG
6198,PG
6199,PG
6200,SD
6201,KVI
6202,PG
6203,PG
6204,SD
6205,PG
6206,PG
6207,SD
6208,SD
6209,PG
6210,KVI
6211,PG
6212,PG
6213,SD
6214,KVI
6215,KVI
6216,PG
6217,SD
6218,SD
6219,SD
6220,PG
6221,PG
6222,PG
6223,PG
6224,PG
6225,PG
6226,SD
6227,SD
6228,PG
6229,SD
6230,SD
6231,PG
6232,PG
6233,PG
6234,PG
6235,PG
6236,PG
6237,PG
6238,SD
6239,PG
6240,SD
6241,PG
6242,KVI
6243,PG
6244,PG
6245,PG
6246,PG
6247,PG
6248,PG
6249,KVI
6250,PG
6251,PG
6252,SD
6253,PG
6254,PG
6255,SD
6256,PG
6257,PG
6258,SD
6259,PG
6260,PG
6261,PG
6262,PG
6263,PG
6264,KVI
6265,SD
6266,SD
6267,SD
6268,PG
6269,PG
6270,SD
6271,KVI
6272,PG
6273,PG
6274,KVI
6275,KVI
6276,SD
6277,SD
6278,SD
6279,PG
6280,PG
6281,PG
6282,PG
6283,PG
6284,PG
6285,KVI
6286,PG
6287,KVI
6288,PG
6289,PG
6290,SD
6291,PG
6292,KVI
6293,PG
6294,SD
6295,PG
6296,KVI
6297,PG
6298,SD
6299,KVI
6300,SD
6301,SD
6302,SD
6303,PG
6304,PG
6305,PG
6306,SD
6307,PG
6308,KVI
6309,SD
6310,KVI
6311,PG
6312,PG
6313,PG
6314,SD
6315,PG
6316,PG
6317,SD
6318,PG
6319,SD
6320,PG
6321,SD
6322,PG
6323,PG
6324,PG
6325,PG
6326,SD
6327,PG
6328,PG
6329,SD
6330,PG
6331,PG
6332,PG
6333,KVI
6334,PG
6335,PG
6336,PG
6337,SD
6338,PG
6339,SD
6340,PG
6341,SD
6342,SD
6343,PG
6344,SD
6345,PG
6346,SD
6347,SD
6348,SD
6349,KVI
6350,SD
6351,PG
6352,PG
6353,PG
6354,PG
6355,PG
6356,PG
6357,PG
6358,KVI
6359,PG
6360,SD
6361,SD
6362,SD
6363,PG
6364,KVI
6365,PG
6366,PG
6367,PG
6368,KVI
6369,PG
6370,PG
6371,KVI
6372,PG
6373,SD
6374,PG
6375,PG
6376,PG
6377,SD
6378,SD
6379,PG
6380,SD
6381,SD
6382,PG
6383,PG
6384,KVI
6385,SD
6386,PG
6387,PG
6388,SD
6389,SD
6390,PG
6391,SD
6392,PG
6393,PG
6394,SD
6395,PG
6396,PG
6397,PG
6398,KVI
6399,KVI
6400,PG
6401,KVI
6402,PG
6403,PG
6404,SD
6405,SD
6406,PG
6407,SD
6408,SD
6409,SD
6410,KVI
6411,KVI
6412,SD
6413,PG
6414,PG
6415,PG
6416,PG
6417,KVI
6418,SD
6419,PG
6420,PG
6421,PG
6422,PG
6423,SD
6424,PG
6425,PG
6426,SD
6427,PG
6428,PG
6429,SD
6430,PG
6431,SD
6432,PG
6433,PG
6434,PG
6435,KVI
6436,PG
6437,SD
6438,KVI
6439,PG
6440,PG
6441,PG
6442,PG
6443,SD
6444,KVI
6445,KVI
6446,PG
6447,SD
6448,SD
6449,PG
6450,PG
6451,SD
6452,SD
6453,PG
6454,PG
6455,PG
6456,PG
6457,PG
6458,KVI
6459,SD
6460,SD
6461,PG
6462,PG
6463,PG
6464,SD
6465,PG
6466,SD
6467,PG
6468,PG
6469,SD
6470,PG
6471,PG
6472,KVI
6473,PG
6474,PG
6475,SD
6476,PG
6477,PG
6478,PG
6479,PG
6480,KVI
6481,SD
6482,SD
6483,PG
6484,SD
6485,PG
6486,PG
6487,PG
6488,PG
6489,SD
6490,PG
6491,SD
6492,SD
6493,SD
6494,SD
6495,PG
6496,SD
6497,PG
6498,SD
6499,PG
6500,SD
6501,KVI
6502,PG
6503,PG
6504,PG
6505,PG
6506,PG
6507,PG
6508,PG
6509,PG
6510,PG
6511,PG
6512,PG
6513,PG
6514,KVI
6515,PG
6516,PG
6517,KVI
6518,SD
6519,PG
6520,SD
6521,SD
6522,KVI
6523,PG
6524,SD
6525,PG
6526,PG
6527,SD
6528,SD
6529,KVI
6530,PG
6531,PG
6532,PG
6533,PG
6534,KVI
6535,PG
6536,KVI
6537,PG
6538,SD
6539,PG
6540,PG
6541,PG
6542,PG
6543,KVI
6544,PG
6545,PG
6546,PG
6547,KVI
6548,SD
6549,PG
6550,PG
6551,SD
6552,PG
6553,SD
6554,PG
6555,PG
6556,PG
6557,PG
6558,SD
6559,PG
6560,SD
6561,SD
6562,PG
6563,SD
6564,SD
6565,PG
6566,PG
6567,KVI
6568,PG
6569,PG
6570,PG
6571,KVI
6572,PG
6573,PG
6574,SD
6575,PG
6576,PG
6577,PG
6578,PG
6579,SD
6580,SD
6581,PG
6582,PG
6583,PG
6584,PG
6585,PG
6586,SD
6587,PG
6588,PG
6589,PG
6590,SD
6591,PG
6592,PG
6593,PG
6594,PG
6595,SD
6596,SD
6597,PG
6598,PG
6599,KVI
6600,PG
6601,PG
6602,SD
6603,KVI
6604,PG
6605,KVI
6606,SD
6607,SD
6608,KVI
6609,PG
6610,PG
6611,SD
6612,PG
6613,PG
6614,SD
6615,PG
6616,PG
6617,PG
6618,PG
6619,PG
6620,PG
6621,KVI
6622,PG
6623,PG
6624,KVI
6625,PG
6626,SD
6627,PG
6628,SD
6629,SD
6630,SD
6631,PG
6632,SD
6633,PG
6634,KVI
6635,PG
6636,KVI
6637,PG
6638,PG
6639,KVI
6640,SD
6641,PG
6642,PG
6643,SD
6644,PG
6645,SD
6646,PG
6647,SD
6648,KVI
6649,PG
6650,PG
6651,KVI
6652,PG
6653,PG
6654,KVI
6655,SD
6656,PG
6657,PG
6658,SD
6659,PG
6660,PG
6661,PG
6662,SD
6663,PG
6664,PG
6665,SD
6666,PG
6667,PG
6668,PG
6669,SD
6670,PG
6671,PG
6672,PG
6673,SD
6674,PG
6675,PG
6676,SD
6677,PG
6678,SD
6679,PG
6680,PG
6681,PG
6682,PG
6683,SD
6684,SD
6685,KVI
6686,PG
6687,SD
6688,PG
6689,PG
6690,PG
6691,SD
6692,PG
6693,PG
6694,PG
6695,PG
6696,PG
6697,SD
6698,SD
6699,PG
6700,SD
6701,PG
6702,PG
6703,KVI
6704,SD
6705,SD
6706,PG
6707,SD
6708,PG
6709,PG
6710,PG
6711,PG
6712,PG
6713,KVI
6714,PG
6715,SD
6716,KVI
6717,SD
6718,SD
6719,SD
6720,PG
6721,PG
6722,SD
6723,PG
6724,KVI
6725,SD
6726,SD
6727,PG
6728,PG
6729,PG
6730,SD
6731,SD
6732,PG
6733,SD
6734,SD
6735,KVI
6736,PG
6737,SD
6738,PG
6739,SD
6740,KVI
6741,KVI
6742,SD
6743,SD
6744,PG
6745,SD
6746,PG
6747,SD
6748,PG
6749,KVI
6750,PG
6751,PG
6752,PG
6753,KVI
6754,SD
6755,PG
6756,SD
6757,PG
6758,SD
6759,PG
6760,SD
6761,SD
6762,SD
6763,PG
6764,PG
6765,SD
6766,PG
6767,PG
6768,SD
6769,PG
6770,PG
6771,PG
6772,KVI
6773,KVI
6774,PG
6775,PG
6776,PG
6777,SD
6778,PG
6779,PG
6780,SD
6781,SD
6782,PG
6783,KVI
6784,PG
6785,SD
6786,SD
6787,PG
6788,SD
6789,KVI
6790,PG
6791,PG
6792,PG
6793,PG
6794,PG
6795,PG
6796,SD
6797,SD
6798,PG
6799,PG
6800,SD
6801,PG
6802,PG
6803,KVI
6804,PG
6805,SD
6806,PG
6807,PG
6808,SD
6809,SD
6810,SD
6811,PG
6812,PG
6813,PG
6814,PG
6815,KVI
6816,SD
6817,SD
6818,PG
6819,PG
6820,SD
6821,SD
6822,SD
6823,SD
6824,PG
6825,PG
6826,PG
6827,PG
6828,PG
6829,PG
6830,KVI
6831,PG
6832,PG
6833,SD
6834,SD
6835,PG
6836,PG
6837,SD
6838,PG
6839,PG
6840,PG
6841,KVI
6842,PG
6843,PG
6844,PG
6845,PG
6846,PG
6847,SD
6848,PG
6849,PG
6850,PG
6851,SD
6852,SD
6853,PG
6854,PG
6855,SD
6856,KVI
6857,PG
6858,SD
6859,SD
6860,PG
6861,PG
6862,SD
6863,SD
6864,PG
6865,SD
6866,PG
6867,SD
6868,SD
6869,SD
6870,SD
6871,SD
6872,PG
6873,SD
6874,PG
6875,PG
6876,SD
6877,KVI
6878,KVI
6879,SD
6880,PG
6881,SD
6882,PG
6883,PG
6884,PG
6885,PG
6886,SD
6887,PG
6888,PG
6889,SD
6890,PG
6891,PG
6892,PG
6893,SD
6894,PG
6895,SD
6896,SD
6897,PG
6898,PG
6899,PG
6900,PG
6901,SD
6902,PG
6903,KVI
6904,KVI
6905,PG
6906,SD
6907,PG
6908,PG
6909,KVI
6910,SD
6911,PG
6912,SD
6913,SD
6914,PG
6915,KVI
6916,SD
6917,SD
6918,PG
6919,PG
6920,SD
6921,PG
6922,PG
6923,SD
6924,SD
6925,PG
6926,PG
6927,PG
6928,PG
6929,PG
6930,SD
6931,SD
6932,PG
6933,PG
6934,SD
6935,PG
6936,PG
6937,PG
6938,PG
6939,SD
6940,PG
6941,PG
6942,PG
6943,PG
6944,KVI
6945,SD
6946,SD
6947,PG
6948,KVI
6949,PG
6950,PG
6951,PG
6952,PG
6953,PG
6954,PG
6955,PG
6956,KVI
6957,PG
6958,PG
6959,PG
6960,PG
6961,PG
6962,KVI
6963,KVI
6964,SD
6965,PG
6966,SD
6967,PG
6968,PG
6969,SD
6970,PG
6971,PG
6972,PG
6973,PG
6974,SD
6975,PG
6976,PG
6977,PG
6978,PG
6979,SD
6980,PG
6981,PG
6982,PG
6983,PG
6984,SD
6985,SD
6986,PG
6987,SD
6988,PG
6989,PG
6990,KVI
6991,SD
6992,SD
6993,KVI
6994,PG
6995,PG
6996,SD
6997,PG
6998,SD
6999,PG
7000,PG
7001,PG
7002,KVI
7003,PG
7004,PG
7005,SD
7006,PG
7007,PG
7008,PG
7009,SD
7010,PG
7011,SD
7012,SD
7013,SD
7014,PG
7015,SD
7016,KVI
7017,PG
7018,PG
7019,SD
7020,KVI
7021,PG
7022,SD
7023,PG
7024,SD
7025,SD
7026,PG
7027,PG
7028,SD
7029,SD
7030,KVI
7031,PG
7032,SD
7033,KVI
7034,PG
7035,PG
7036,SD
7037,PG
7038,SD
7039,KVI
7040,SD
7041,SD
7042,SD
7043,PG
7044,SD
7045,PG
7046,SD
7047,PG
7048,PG
7049,KVI
7050,PG
7051,PG
7052,SD
7053,KVI
7054,PG
7055,KVI
7056,SD
7057,PG
7058,PG
7059,PG
7060,PG
7061,PG
7062,PG
7063,SD
7064,SD
7065,SD
7066,SD
7067,KVI
7068,PG
7069,SD
7070,PG
7071,PG
7072,SD
7073,SD
7074,SD
7075,PG
7076,PG
7077,PG
7078,SD
7079,PG
7080,PG
7081,PG
7082,SD
7083,KVI
7084,KVI
7085,PG
7086,PG
7087,PG
7088,PG
7089,KVI
7090,PG
7091,SD
7092,PG
7093,SD
7094,PG
7095,PG
7096,PG
7097,PG
7098,PG
7099,PG
7100,SD
7101,SD
7102,PG
7103,PG
7104,KVI
7105,PG
7106,SD
7107,PG
7108,SD
7109,SD
7110,PG
7111,PG
7112,SD
7113,PG
7114,PG
7115,SD
7116,PG
7117,SD
7118,PG
7119,PG
7120,KVI
7121,SD
7122,PG
7123,SD
7124,PG
7125,KVI
7126,SD
7127,PG
7128,KVI
7129,SD
7130,PG
7131,PG
7132,PG
7133,PG
7134,PG
7135,KVI
7136,PG
7137,SD
7138,PG
7139,SD
7140,SD
7141,SD
7142,PG
7143,PG
7144,PG
7145,PG
7146,PG
7147,PG
7148,PG
7149,KVI
7150,SD
7151,PG
7152,PG
7153,SD
7154,PG
7155,KVI
7156,PG
7157,KVI
7158,SD
7159,PG
7160,SD
7161,KVI
7162,SD
7163,PG
7164,PG
7165,PG
7166,SD
7167,PG
7168,PG
7169,PG
7170,PG
7171,PG
7172,SD
7173,PG
7174,PG
7175,PG
7176,PG
7177,PG
7178,PG
7179,PG
7180,PG
7181,PG
7182,PG
7183,SD
7184,PG
7185,PG
7186,SD
7187,PG
7188,PG
7189,SD
7190,PG
7191,PG
7192,SD
7193,PG
7194,PG
7195,PG
7196,PG
7197,PG
7198,PG
7199,SD
7200,SD
7201,PG
7202,PG
7203,SD
7204,SD
7205,PG
7206,SD
7207,PG
7208,SD
7209,SD
7210,SD
7211,PG
7212,PG
7213,KVI
7214,KVI
7215,PG
7216,SD
7217,PG
7218,PG
7219,SD
7220,KVI
7221,PG
7222,PG
7223,SD
7224,SD
7225,PG
7226,PG
7227,PG
7228,PG
7229,PG
7230,KVI
7231,PG
7232,PG
7233,SD
7234,PG
7235,SD
7236,PG
7237,PG
7238,PG
7239,PG
7240,SD
7241,PG
7242,PG
7243,SD
7244,PG
7245,PG
7246,SD
7247,PG
7248,PG
7249,PG
7250,PG
7251,PG
7252,SD
7253,PG
7254,PG
7255,SD
7256,SD
7257,SD
7258,PG
7259,PG
7260,SD
7261,PG
7262,SD
7263,PG
7264,PG
7265,PG
7266,PG
7267,PG
7268,SD
7269,PG
7270,SD
7271,SD
7272,PG
7273,PG
7274,PG
7275,PG
7276,SD
7277,KVI
7278,SD
7279,PG
7280,PG
7281,PG
7282,SD
7283,PG
7284,KVI
7285,PG
7286,PG
7287,PG
7288,PG
7289,SD
7290,SD
7291,PG
7292,PG
7293,KVI
7294,PG
7295,SD
7296,SD
7297,KVI
7298,SD
7299,PG
7300,SD
7301,KVI
7302,KVI
7303,PG
7304,PG
7305,PG
7306,PG
7307,PG
7308,KVI
7309,PG
7310,SD
7311,PG
7312,PG
7313,PG
7314,SD
7315,PG
7316,SD
7317,PG
7318,PG
7319,PG
7320,SD
7321,PG
7322,PG
7323,PG
7324,SD
7325,PG
7326,KVI
7327,PG
7328,PG
7329,KVI
7330,PG
7331,PG
7332,PG
7333,SD
7334,PG
7335,PG
7336,PG
7337,SD
7338,PG
7339,PG
7340,PG
7341,PG
7342,PG
7343,SD
7344,PG
7345,PG
7346,PG
7347,PG
7348,PG
7349,PG
7350,PG
7351,KVI
7352,PG
7353,SD
7354,PG
7355,SD
7356,SD
7357,PG
7358,PG
7359,SD
7360,PG
7361,SD
7362,SD
7363,SD
7364,PG
7365,SD
7366,PG
7367,PG
7368,PG
7369,PG
7370,PG
7371,SD
7372,SD
7373,SD
7374,PG
7375,SD
7376,KVI
7377,PG
7378,PG
7379,SD
7380,PG
7381,PG
7382,PG
7383,SD
7384,PG
7385,PG
7386,PG
7387,PG
7388,PG
7389,PG
7390,PG
7391,PG
7392,PG
7393,PG
7394,SD
7395,PG
7396,SD
7397,SD
7398,PG
7399,PG
7400,KVI
7401,PG
7402,SD
7403,PG
7404,PG
7405,PG
7406,PG
7407,PG
7408,PG
7409,SD
7410,PG
7411,KVI
7412,SD
7413,PG
7414,KVI
7415,PG
7416,SD
7417,PG
7418,SD
7419,SD
7420,PG
7421,PG
7422,PG
7423,SD
7424,PG
7425,PG
7426,PG
7427,PG
7428,PG
7429,PG
7430,SD
7431,PG
7432,PG
7433,PG
7434,PG
7435,KVI
7436,PG
7437,SD
7438,PG
7439,PG
7440,PG
7441,PG
7442,PG
7443,KVI
7444,PG
7445,SD
7446,PG
7447,PG
7448,PG
7449,PG
7450,PG
7451,SD
7452,SD
7453,SD
7454,PG
7455,SD
7456,PG
7457,PG
7458,PG
7459,KVI
7460,SD
7461,PG
7462,PG
7463,SD
7464,PG
7465,SD
7466,PG
7467,PG
7468,PG
7469,KVI
7470,PG
7471,SD
7472,KVI
7473,SD
7474,SD
7475,SD
7476,SD
7477,PG
7478,SD
7479,PG
7480,SD
7481,SD
7482,SD
7483,SD
7484,PG
7485,SD
7486,PG
7487,PG
7488,PG
7489,PG
7490,PG
7491,SD
7492,PG
7493,PG
7494,SD
7495,PG
7496,PG
7497,PG
7498,PG
7499,PG
7500,SD
7501,PG
7502,PG
7503,SD
7504,PG
7505,KVI
7506,SD
7507,SD
7508,PG
7509,PG
7510,SD
7511,SD
7512,PG
7513,SD
7514,PG
7515,PG
7516,PG
7517,PG
7518,PG
7519,SD
7520,PG
7521,PG
7522,PG
7523,PG
7524,PG
7525,SD
7526,KVI
7527,SD
7528,PG
7529,PG
7530,PG
7531,SD
7532,SD
7533,PG
7534,PG
7535,PG
7536,SD
7537,SD
7538,PG
7539,SD
7540,PG
7541,PG
7542,SD
7543,PG
7544,PG
7545,PG
7546,SD
7547,PG
7548,PG
7549,PG
7550,SD
7551,PG
7552,SD
7553,PG
7554,PG
7555,PG
7556,PG
7557,SD
7558,PG
7559,PG
7560,SD
7561,PG
7562,KVI
7563,SD
7564,PG
7565,PG
7566,PG
7567,PG
7568,PG
7569,PG
7570,KVI
7571,PG
7572,SD
7573,PG
7574,KVI
7575,PG
7576,PG
7577,SD
7578,PG
7579,PG
7580,PG
7581,PG
7582,PG
7583,PG
7584,SD
7585,KVI
7586,KVI
7587,SD
7588,SD
7589,PG
7590,SD
7591,PG
7592,PG
7593,PG
7594,PG
7595,SD
7596,KVI
7597,PG
7598,SD
7599,PG
7600,SD
7601,SD
7602,PG
7603,PG
7604,PG
7605,SD
7606,PG
7607,SD
7608,PG
7609,PG
7610,PG
7611,KVI
7612,PG
7613,PG
7614,PG
7615,SD
7616,PG
7617,PG
7618,PG
7619,PG
7620,PG
7621,PG
7622,SD
7623,PG
7624,PG
7625,PG
7626,SD
7627,KVI
7628,PG
7629,PG
7630,PG
7631,SD
7632,PG
7633,PG
7634,KVI
7635,PG
7636,PG
7637,SD
7638,PG
7639,KVI
7640,SD
7641,SD
7642,SD
7643,PG
7644,PG
7645,PG
7646,PG
7647,PG
7648,SD
7649,KVI
7650,PG
7651,PG
7652,PG
7653,PG
7654,KVI
7655,KVI
7656,PG
7657,PG
7658,KVI
7659,PG
7660,SD
7661,KVI
7662,KVI
7663,SD
7664,PG
7665,KVI
7666,PG
7667,PG
7668,PG
7669,KVI
7670,SD
7671,PG
7672,PG
7673,PG
7674,SD
7675,SD
7676,PG
7677,PG
7678,KVI
7679,PG
7680,PG
7681,SD
7682,SD
7683,KVI
7684,PG
7685,KVI
7686,PG
7687,PG
7688,SD
7689,SD
7690,PG
7691,SD
7692,PG
7693,PG
7694,PG
7695,PG
7696,PG
7697,PG
7698,PG
7699,PG
7700,PG
7701,KVI
7702,PG
7703,PG
7704,PG
7705,SD
7706,PG
7707,PG
7708,SD
7709,PG
7710,KVI
7711,SD
7712,PG
7713,PG
7714,KVI
7715,PG
7716,SD
7717,PG
7718,PG
7719,SD
7720,PG
7721,SD
7722,PG
7723,SD
7724,SD
7725,PG
7726,PG
7727,SD
7728,PG
7729,PG
7730,SD
7731,SD
7732,SD
7733,PG
7734,SD
7735,PG
7736,SD
7737,PG
7738,SD
7739,KVI
7740,SD
7741,PG
7742,PG
7743,PG
7744,SD
7745,PG
7746,SD
7747,PG
7748,SD
7749,PG
7750,SD
7751,PG
7752,PG
7753,SD
7754,PG
7755,PG
7756,PG
7757,PG
7758,PG
7759,PG
7760,PG
7761,PG
7762,SD
7763,KVI
7764,PG
7765,KVI
7766,PG
7767,SD
7768,KVI
7769,SD
7770,PG
7771,KVI
7772,PG
7773,SD
7774,PG
7775,SD
7776,KVI
7777,PG
7778,KVI
7779,PG
7780,PG
7781,SD
7782,PG
7783,PG
7784,PG
7785,PG
7786,PG
7787,PG
7788,PG
7789,PG
7790,SD
7791,SD
7792,PG
7793,PG
7794,PG
7795,PG
7796,PG
7797,PG
7798,PG
7799,PG
7800,PG
7801,PG
7802,SD
7803,KVI
7804,PG
7805,KVI
7806,PG
7807,SD
7808,SD
7809,KVI
7810,SD
7811,SD
7812,PG
7813,PG
7814,PG
7815,PG
7816,PG
7817,SD
7818,SD
7819,PG
7820,PG
7821,SD
7822,SD
7823,SD
7824,PG
7825,SD
7826,SD
7827,PG
7828,SD
7829,PG
7830,KVI
7831,PG
7832,PG
7833,SD
7834,PG
7835,PG
7836,PG
7837,PG
7838,PG
7839,PG
7840,PG
7841,PG
7842,KVI
7843,PG
7844,SD
7845,KVI
7846,PG
7847,SD
7848,PG
7849,KVI
7850,SD
7851,PG
7852,PG
7853,PG
7854,PG
7855,SD
7856,KVI
7857,PG
7858,PG
7859,SD
7860,KVI
7861,SD
7862,PG
7863,SD
7864,SD
7865,SD
7866,PG
7867,KVI
7868,PG
7869,SD
7870,PG
7871,PG
7872,PG
7873,KVI
7874,PG
7875,SD
7876,SD
7877,SD
7878,PG
7879,SD
7880,PG
7881,PG
7882,PG
7883,PG
7884,SD
7885,SD
7886,PG
7887,KVI
7888,PG
7889,KVI
7890,SD
7891,SD
7892,KVI
7893,SD
7894,SD
7895,KVI
7896,KVI
7897,PG
7898,PG
7899,PG
7900,KVI
7901,SD
7902,PG
7903,PG
7904,SD
7905,SD
7906,PG
7907,KVI
7908,PG
7909,SD
7910,SD
7911,PG
7912,SD
7913,SD
7914,KVI
7915,PG
7916,SD
7917,KVI
7918,SD
7919,SD
7920,PG
7921,PG
7922,SD
7923,PG
7924,SD
7925,PG
7926,PG
7927,PG
7928,PG
7929,PG
7930,SD
7931,SD
7932,SD
7933,KVI
7934,PG
7935,PG
7936,PG
7937,SD
7938,PG
7939,PG
7940,PG
7941,PG
7942,PG
7943,SD
7944,SD
7945,PG
7946,PG
7947,SD
7948,PG
7949,PG
7950,PG
7951,SD
7952,KVI
7953,PG
7954,SD
7955,SD
7956,PG
7957,PG
7958,PG
7959,SD
7960,SD
7961,PG
7962,KVI
7963,SD
7964,PG
7965,PG
7966,SD
7967,SD
7968,PG
7969,PG
7970,SD
7971,PG
7972,PG
7973,PG
7974,PG
7975,KVI
7976,PG
7977,SD
7978,PG
7979,SD
7980,PG
7981,PG
7982,KVI
7983,SD
7984,PG
7985,SD
7986,PG
7987,PG
7988,SD
7989,SD
7990,PG
7991,SD
7992,PG
7993,SD
7994,PG
7995,SD
7996,SD
7997,KVI
7998,SD
7999,PG
8000,SD
8001,SD
8002,PG
8003,KVI
8004,PG
8005,PG
8006,PG
8007,KVI
8008,KVI
8009,SD
8010,PG
8011,SD
8012,PG
8013,PG
8014,PG
8015,PG
8016,KVI
8017,SD
8018,SD
8019,SD
8020,SD
8021,SD
8022,PG
8023,PG
8024,KVI
8025,PG
8026,PG
8027,PG
8028,PG
8029,KVI
8030,KVI
8031,PG
8032,KVI
8033,PG
8034,PG
8035,PG
8036,PG
8037,PG
8038,PG
8039,KVI
8040,PG
8041,PG
8042,PG
8043,SD
8044,KVI
8045,PG
8046,PG
8047,KVI
8048,PG
8049,SD
8050,SD
8051,SD
8052,PG
8053,PG
8054,KVI
8055,SD
8056,PG
8057,SD
8058,PG
8059,PG
8060,PG
8061,PG
8062,KVI
8063,PG
8064,SD
8065,SD
8066,PG
8067,SD
8068,PG
8069,KVI
8070,SD
8071,KVI
8072,PG
8073,PG
8074,PG
8075,PG
8076,KVI
8077,PG
8078,PG
8079,PG
8080,PG
8081,PG
8082,PG
8083,PG
8084,PG
8085,PG
8086,PG
8087,PG
8088,SD
8089,PG
8090,PG
8091,PG
8092,PG
8093,PG
8094,SD
8095,PG
8096,SD
8097,PG
8098,PG
8099,SD
8100,SD
8101,SD
8102,PG
8103,PG
8104,PG
8105,PG
8106,KVI
8107,SD
8108,PG
8109,KVI
8110,PG
8111,PG
8112,PG
8113,PG
8114,PG
8115,KVI
8116,PG
8117,SD
8118,PG
8119,PG
8120,PG
8121,PG
8122,PG
8123,PG
8124,PG
8125,SD
8126,PG
8127,SD
8128,PG
8129,SD
8130,PG
8131,SD
8132,PG
8133,PG
8134,PG
8135,PG
8136,PG
8137,SD
8138,PG
8139,PG
8140,SD
8141,PG
8142,SD
8143,SD
8144,PG
8145,PG
8146,PG
8147,SD
8148,PG
8149,SD
8150,PG
8151,KVI
8152,PG
8153,KVI
8154,SD
8155,PG
8156,PG
8157,SD
8158,PG
8159,KVI
8160,PG
8161,SD
8162,KVI
8163,SD
8164,PG
8165,PG
8166,PG
8167,PG
8168,PG
8169,PG
8170,SD
8171,SD
8172,PG
8173,PG
8174,KVI
8175,PG
8176,PG
8177,PG
8178,SD
8179,PG
8180,SD
8181,PG
8182,PG
8183,PG
8184,SD
8185,KVI
8186,PG
8187,PG
8188,KVI
8189,PG
8190,PG
8191,PG
8192,PG
8193,SD
8194,PG
8195,SD
8196,SD
8197,SD
8198,PG
8199,SD
8200,PG
8201,PG
8202,SD
8203,SD
8204,PG
8205,PG
8206,PG
8207,PG
8208,PG
8209,SD
8210,SD
8211,PG
8212,PG
8213,PG
8214,PG
8215,PG
8216,SD
8217,PG
8218,PG
8219,PG
8220,PG
8221,SD
8222,SD
8223,PG
8224,SD
8225,PG
8226,KVI
8227,PG
8228,PG
8229,SD
8230,KVI
8231,KVI
8232,PG
8233,SD
8234,PG
8235,PG
8236,PG
8237,PG
8238,PG
8239,SD
8240,PG
8241,PG
8242,PG
8243,KVI
8244,PG
8245,SD
8246,PG
8247,PG
8248,PG
8249,PG
8250,KVI
8251,SD
8252,PG
8253,PG
8254,PG
8255,PG
8256,PG
8257,SD
8258,PG
8259,SD
8260,SD
8261,PG
8262,PG
8263,SD
8264,SD
8265,PG
8266,PG
8267,PG
8268,KVI
8269,PG
8270,PG
8271,PG
8272,PG
8273,PG
8274,KVI
8275,PG
8276,KVI
8277,PG
8278,PG
8279,SD
8280,PG
8281,PG
8282,PG
8283,KVI
8284,SD
8285,SD
8286,SD
8287,PG
8288,PG
8289,SD
8290,SD
8291,SD
8292,SD
8293,PG
8294,PG
8295,PG
8296,KVI
8297,SD
8298,PG
8299,SD
8300,PG
8301,SD
8302,SD
8303,SD
8304,SD
8305,PG
8306,PG
8307,SD
8308,PG
8309,PG
8310,PG
8311,SD
8312,SD
8313,PG
8314,SD
8315,PG
8316,PG
8317,PG
8318,PG
8319,PG
8320,SD
8321,KVI
8322,PG
8323,PG
8324,PG
8325,PG
8326,SD
8327,PG
8328,SD
8329,PG
8330,PG
8331,PG
8332,SD
8333,PG
8334,PG
8335,PG
8336,SD
8337,PG
8338,PG
8339,SD
8340,PG
8341,PG
8342,PG
8343,PG
8344,KVI
8345,SD
8346,PG
8347,PG
8348,PG
8349,SD
8350,PG
8351,PG
8352,PG
8353,PG
8354,SD
8355,SD
8356,SD
8357,SD
8358,SD
8359,SD
8360,SD
8361,SD
8362,KVI
8363,KVI
8364,SD
8365,PG
8366,PG
8367,PG
8368,SD
8369,PG
8370,PG
8371,PG
8372,PG
8373,PG
8374,PG
8375,KVI
8376,PG
8377,SD
8378,SD
8379,PG
8380,SD
8381,PG
8382,SD
8383,PG
8384,PG
8385,SD
8386,PG
8387,PG
8388,PG
8389,PG
8390,PG
8391,PG
8392,PG
8393,SD
8394,KVI
8395,SD
8396,PG
8397,PG
8398,PG
8399,PG
8400,PG
8401,SD
8402,PG
8403,SD
8404,PG
8405,PG
8406,PG
8407,PG
8408,PG
8409,PG
8410,SD
8411,SD
8412,PG
8413,PG
8414,PG
8415,PG
8416,PG
8417,PG
8418,PG
8419,PG
8420,PG
8421,PG
8422,PG
8423,PG
8424,PG
8425,PG
8426,PG
8427,PG
8428,PG
8429,SD
8430,PG
8431,KVI
8432,KVI
8433,PG
8434,PG
8435,PG
8436,PG
8437,PG
8438,PG
8439,PG
8440,SD
8441,PG
8442,PG
8443,PG
8444,KVI
8445,PG
8446,PG
8447,KVI
8448,SD
8449,PG
8450,PG
8451,PG
8452,PG
8453,PG
8454,PG
8455,PG
8456,PG
8457,SD
8458,PG
8459,PG
8460,PG
8461,SD
8462,PG
8463,PG
8464,PG
8465,KVI
8466,PG
8467,PG
8468,PG
8469,PG
8470,SD
8471,SD
8472,SD
8473,PG
8474,PG
8475,PG
8476,PG
8477,PG
8478,PG
8479,KVI
8480,SD
8481,SD
8482,SD
8483,SD
8484,PG
8485,PG
8486,PG
8487,PG
8488,PG
8489,SD
8490,SD
8491,PG
8492,PG
8493,SD
8494,PG
8495,PG
8496,PG
8497,SD
8498,PG
8499,PG
8500,PG
8501,PG
8502,PG
8503,SD
8504,SD
8505,SD
8506,SD
8507,KVI
8508,SD
8509,PG
8510,KVI
8511,PG
8512,PG
8513,PG
8514,PG
8515,SD
8516,SD
8517,PG
8518,PG
8519,SD
8520,PG
8521,SD
8522,SD
8523,SD
8524,PG
8525,PG
8526,PG
8527,PG
8528,SD
8529,PG
8530,PG
8531,SD
8532,SD
8533,PG
8534,PG
8535,PG
8536,PG
8537,KVI
8538,SD
8539,PG
8540,PG
8541,SD
8542,SD
8543,PG
8544,PG
8545,PG
8546,PG
8547,PG
8548,SD
8549,SD
8550,PG
8551,PG
8552,PG
8553,PG
8554,PG
8555,SD
8556,SD
8557,PG
8558,PG
8559,PG
8560,PG
8561,PG
8562,KVI
8563,SD
8564,PG
8565,PG
8566,PG
8567,SD
8568,PG
8569,PG
8570,PG
8571,PG
8572,PG
8573,SD
8574,PG
8575,KVI
8576,PG
8577,PG
8578,PG
8579,PG
8580,PG
8581,SD
8582,SD
8583,PG
8584,PG
8585,PG
8586,PG
8587,SD
8588,PG
8589,SD
8590,SD
8591,KVI
8592,KVI
8593,PG
8594,PG
8595,PG
8596,PG
8597,PG
8598,PG
8599,SD
8600,SD
8601,PG
8602,PG
8603,PG
8604,PG
8605,SD
8606,PG
8607,PG
8608,PG
8609,PG
8610,PG
8611,PG
8612,PG
8613,SD
8614,SD
8615,PG
8616,PG
8617,PG
8618,PG
8619,PG
8620,PG
8621,PG
8622,PG
8623,PG
8624,PG
8625,PG
8626,PG
8627,SD
8628,PG
8629,SD
8630,SD
8631,PG
8632,PG
8633,SD
8634,SD
8635,SD
8636,SD
8637,KVI
8638,SD
8639,PG
8640,PG
8641,SD
8642,KVI
8643,PG
8644,PG
8645,PG
8646,PG
8647,PG
8648,PG
8649,PG
8650,PG
8651,KVI
8652,PG
8653,SD
8654,SD
8655,PG
8656,SD
8657,SD
8658,PG
8659,SD
8660,PG
8661,PG
8662,PG
8663,PG
8664,PG
8665,PG
8666,PG
8667,PG
8668,PG
8669,KVI
8670,SD
8671,SD
8672,KVI
8673,PG
8674,PG
8675,PG
8676,PG
8677,SD
8678,SD
8679,KVI
8680,PG
8681,PG
8682,PG
8683,KVI
8684,PG
8685,PG
8686,PG
8687,PG
8688,PG
8689,PG
8690,PG
8691,PG
8692,SD
8693,PG
8694,SD
8695,PG
8696,SD
8697,KVI
8698,SD
8699,PG
8700,PG
8701,PG
8702,SD
8703,PG
8704,SD
8705,KVI
8706,SD
8707,PG
8708,SD
8709,KVI
8710,PG
8711,KVI
8712,PG
8713,PG
8714,PG
8715,SD
8716,PG
8717,KVI
8718,PG
8719,PG
8720,PG
8721,PG
8722,PG
8723,PG
8724,PG
8725,SD
8726,SD
8727,PG
8728,SD
8729,SD
8730,PG
8731,PG
8732,PG
8733,PG
8734,SD
8735,PG
8736,PG
8737,KVI
8738,PG
8739,SD
8740,KVI
8741,SD
8742,SD
8743,KVI
8744,PG
8745,PG
8746,PG
8747,PG
8748,SD
8749,PG
8750,SD
8751,PG
8752,SD
8753,PG
8754,SD
8755,PG
8756,PG
8757,PG
8758,PG
8759,PG
8760,PG
8761,PG
8762,PG
8763,SD
8764,PG
8765,PG
8766,SD
8767,PG
8768,PG
8769,PG
8770,KVI
8771,PG
8772,PG
8773,SD
8774,PG
8775,PG
8776,PG
8777,PG
8778,PG
8779,PG
8780,PG
8781,KVI
8782,PG
8783,KVI
8784,PG
8785,PG
8786,SD
8787,PG
8788,PG
8789,KVI
8790,PG
8791,PG
8792,SD
8793,PG
8794,PG
8795,PG
8796,PG
8797,PG
8798,PG
8799,SD
8800,PG
8801,PG
8802,KVI
8803,PG
8804,PG
8805,KVI
8806,SD
8807,SD
8808,PG
8809,SD
8810,PG
8811,SD
8812,SD
8813,PG
8814,PG
8815,SD
8816,PG
8817,PG
8818,PG
8819,PG
8820,PG
8821,SD
8822,PG
8823,PG
8824,SD
8825,PG
8826,PG
8827,SD
8828,PG
8829,SD
8830,KVI
8831,PG
8832,PG
8833,SD
8834,SD
8835,PG
8836,SD
8837,PG
8838,PG
8839,PG
8840,PG
8841,PG
8842,SD
8843,SD
8844,PG
8845,PG
8846,KVI
8847,PG
8848,PG
8849,PG
8850,SD
8851,SD
8852,PG
8853,PG
8854,PG
8855,PG
8856,KVI
8857,PG
8858,SD
8859,PG
8860,PG
8861,PG
8862,PG
8863,SD
8864,PG
8865,PG
8866,PG
8867,PG
8868,KVI
8869,PG
8870,SD
8871,SD
8872,PG
8873,SD
8874,PG
8875,PG
8876,PG
8877,PG
8878,KVI
8879,SD
8880,SD
8881,PG
8882,KVI
8883,SD
8884,PG
8885,PG
8886,PG
8887,PG
8888,PG
8889,PG
8890,SD
8891,PG
8892,PG
8893,PG
8894,SD
8895,PG
8896,SD
8897,PG
8898,PG
8899,PG
8900,PG
8901,PG
8902,SD
8903,SD
8904,KVI
8905,KVI
8906,KVI
8907,KVI
8908,PG
8909,PG
8910,PG
8911,SD
8912,SD
8913,SD
8914,PG
8915,SD
8916,SD
8917,PG
8918,KVI
8919,SD
8920,PG
8921,PG
8922,SD
8923,PG
8924,SD
8925,PG
8926,PG
8927,SD
8928,SD
8929,PG
8930,SD
8931,PG
8932,PG
8933,PG
8934,SD
8935,SD
8936,PG
8937,SD
8938,PG
8939,PG
8940,PG
8941,PG
8942,PG
8943,PG
8944,PG
8945,PG
8946,PG
8947,SD
8948,SD
8949,PG
8950,PG
8951,SD
8952,KVI
8953,PG
8954,PG
8955,PG
8956,SD
8957,PG
8958,PG
8959,PG
8960,PG
8961,PG
8962,SD
8963,PG
8964,PG
8965,PG
8966,PG
8967,PG
8968,KVI
8969,KVI
8970,SD
8971,PG
8972,SD
8973,KVI
8974,PG
8975,PG
8976,PG
8977,KVI
8978,KVI
8979,KVI
8980,SD
8981,KVI
8982,SD
8983,PG
8984,SD
8985,PG
8986,PG
8987,PG
8988,PG
8989,PG
8990,SD
8991,PG
8992,PG
8993,PG
8994,PG
8995,SD
8996,SD
8997,SD
8998,PG
8999,PG
9000,PG
9001,KVI
9002,PG
9003,PG
9004,SD
9005,PG
9006,PG
9007,PG
9008,PG
9009,PG
9010,SD
9011,PG
9012,SD
9013,KVI
9014,SD
9015,PG
9016,SD
9017,PG
9018,SD
9019,SD
9020,PG
9021,PG
9022,PG
9023,PG
9024,SD
9025,PG
9026,PG
9027,PG
9028,PG
9029,KVI
9030,PG
9031,SD
9032,KVI
9033,SD
9034,PG
9035,PG
9036,KVI
9037,PG
9038,SD
9039,PG
9040,PG
9041,PG
9042,PG
9043,PG
9044,SD
9045,SD
9046,PG
9047,SD
9048,PG
9049,PG
9050,PG
9051,SD
9052,PG
9053,PG
9054,PG
9055,KVI
9056,SD
9057,SD
9058,SD
9059,PG
9060,PG
9061,SD
9062,SD
9063,PG
9064,PG
9065,PG
9066,PG
9067,SD
9068,PG
9069,SD
9070,SD
9071,KVI
9072,PG
9073,KVI
9074,SD
9075,PG
9076,PG
9077,KVI
9078,SD
9079,PG
9080,PG
9081,PG
9082,PG
9083,PG
9084,PG
9085,SD
9086,PG
9087,SD
9088,PG
9089,PG
9090,SD
9091,PG
9092,PG
9093,PG
9094,PG
9095,PG
9096,PG
9097,KVI
9098,SD
9099,SD
9100,KVI
9101,SD
9102,PG
9103,PG
9104,SD
9105,SD
9106,PG
9107,SD
9108,SD
9109,PG
9110,SD
9111,PG
9112,KVI
9113,PG
9114,SD
9115,PG
9116,PG
9117,SD
9118,PG
9119,PG
9120,PG
9121,PG
9122,SD
9123,PG
9124,PG
9125,PG
9126,PG
9127,PG
9128,PG
9129,PG
9130,PG
9131,SD
9132,SD
9133,SD
9134,PG
9135,SD
9136,PG
9137,SD
9138,SD
9139,PG
9140,PG
9141,PG
9142,SD
9143,PG
9144,KVI
9145,SD
9146,PG
9147,SD
9148,SD
9149,PG
9150,PG
9151,PG
9152,SD
9153,SD
9154,PG
9155,PG
9156,PG
9157,SD
9158,PG
9159,SD
9160,PG
9161,SD
9162,PG
9163,SD
9164,PG
9165,PG
9166,PG
9167,PG
9168,KVI
9169,KVI
9170,SD
9171,PG
9172,SD
9173,SD
9174,PG
9175,SD
9176,PG
9177,SD
9178,PG
9179,SD
9180,PG
9181,SD
9182,PG
9183,KVI
9184,PG
9185,PG
9186,SD
9187,SD
9188,SD
9189,PG
9190,PG
9191,PG
9192,SD
9193,SD
9194,PG
9195,SD
9196,SD
9197,PG
9198,PG
9199,KVI
9200,PG
9201,KVI
9202,PG
9203,SD
9204,SD
9205,PG
9206,PG
9207,PG
9208,KVI
9209,SD
9210,SD
9211,PG
9212,SD
9213,PG
9214,SD
9215,KVI
9216,KVI
9217,SD
9218,SD
9219,PG
9220,PG
9221,PG
9222,PG
9223,SD
9224,SD
9225,SD
9226,PG
9227,PG
9228,PG
9229,SD
9230,PG
9231,PG
9232,PG
9233,PG
9234,PG
9235,PG
9236,SD
9237,PG
9238,PG
9239,PG
9240,SD
9241,SD
9242,SD
9243,KVI
9244,SD
9245,KVI
9246,PG
9247,KVI
9248,PG
9249,PG
9250,KVI
9251,SD
9252,SD
9253,KVI
9254,PG
9255,PG
9256,PG
9257,SD
9258,KVI
9259,PG
9260,PG
9261,PG
9262,PG
9263,PG
9264,PG
9265,PG
9266,PG
9267,PG
9268,PG
9269,PG
9270,PG
9271,KVI
9272,PG
9273,PG
9274,PG
9275,PG
9276,PG
9277,PG
9278,PG
9279,KVI
9280,PG
9281,PG
9282,SD
9283,PG
9284,SD
9285,PG
9286,SD
9287,PG
9288,SD
9289,PG
9290,KVI
9291,PG
9292,SD
9293,PG
9294,PG
9295,PG
9296,SD
9297,KVI
9298,PG
9299,PG
9300,PG
9301,SD
9302,PG
9303,KVI
9304,PG
9305,SD
9306,PG
9307,PG
9308,PG
9309,SD
9310,PG
9311,PG
9312,SD
9313,PG
9314,PG
9315,SD
9316,PG
9317,PG
9318,KVI
9319,PG
9320,KVI
9321,PG
9322,PG
9323,KVI
9324,KVI
9325,PG
9326,PG
9327,KVI
9328,SD
9329,PG
9330,KVI
9331,PG
9332,SD
9333,PG
9334,PG
9335,PG
9336,SD
9337,PG
9338,KVI
9339,PG
9340,PG
9341,PG
9342,PG
9343,PG
9344,PG
9345,SD
9346,PG
9347,SD
9348,SD
9349,PG
9350,PG
9351,SD
9352,PG
9353,SD
9354,PG
9355,KVI
9356,PG
9357,PG
9358,PG
9359,PG
9360,PG
9361,SD
9362,PG
9363,PG
9364,SD
9365,KVI
9366,SD
9367,PG
9368,PG
9369,SD
9370,PG
9371,PG
9372,SD
9373,SD
9374,PG
9375,PG
9376,KVI
9377,PG
9378,KVI
9379,SD
9380,PG
9381,PG
9382,PG
9383,KVI
9384,PG
9385,SD
9386,PG
9387,PG
9388,PG
9389,KVI
9390,SD
9391,PG
9392,SD
9393,PG
9394,SD
9395,KVI
9396,SD
9397,PG
9398,PG
9399,PG
9400,SD
9401,SD
9402,SD
9403,SD
9404,PG
9405,SD
9406,SD
9407,SD
9408,PG
9409,PG
9410,PG
9411,PG
9412,PG
9413,PG
9414,KVI
9415,PG
9416,SD
9417,PG
9418,PG
9419,PG
9420,SD
9421,SD
9422,PG
9423,PG
9424,SD
9425,SD
9426,PG
9427,SD
9428,SD
9429,PG
9430,PG
9431,PG
9432,PG
9433,KVI
9434,SD
9435,PG
9436,PG
9437,PG
9438,PG
9439,PG
9440,PG
9441,KVI
9442,PG
9443,SD
9444,PG
9445,PG
9446,KVI
9447,SD
9448,PG
9449,PG
9450,PG
9451,PG
9452,KVI
9453,PG
9454,PG
9455,SD
9456,SD
9457,PG
9458,SD
9459,PG
9460,PG
9461,PG
9462,PG
9463,PG
9464,PG
9465,PG
9466,SD
9467,PG
9468,PG
9469,PG
9470,KVI
9471,SD
9472,PG
9473,PG
9474,PG
9475,PG
9476,PG
9477,PG
9478,SD
9479,PG
9480,PG
9481,PG
9482,KVI
9483,PG
9484,PG
9485,SD
9486,SD
9487,SD
9488,SD
9489,KVI
9490,SD
9491,KVI
9492,SD
9493,SD
9494,SD
9495,PG
9496,PG
9497,SD
9498,PG
9499,SD
9500,PG
9501,PG
9502,KVI
9503,PG
9504,SD
9505,PG
9506,SD
9507,KVI
9508,PG
9509,SD
9510,PG
9511,SD
9512,PG
9513,PG
9514,PG
9515,PG
9516,PG
9517,PG
9518,PG
9519,PG
9520,PG
9521,PG
9522,KVI
9523,SD
9524,PG
9525,PG
9526,SD
9527,PG
9528,SD
9529,PG
9530,SD
9531,PG
9532,SD
9533,PG
9534,PG
9535,PG
9536,PG
9537,PG
9538,SD
9539,PG
9540,PG
9541,PG
9542,PG
9543,PG
9544,PG
9545,PG
9546,PG
9547,SD
9548,PG
9549,PG
9550,PG
9551,PG
9552,SD
9553,PG
9554,PG
9555,PG
9556,PG
9557,SD
9558,PG
9559,PG
9560,SD
9561,PG
9562,PG
9563,SD
9564,PG
9565,SD
9566,PG
9567,SD
9568,PG
9569,PG
9570,PG
9571,KVI
9572,SD
9573,PG
9574,PG
9575,KVI
9576,SD
9577,PG
9578,SD
9579,PG
9580,PG
9581,SD
9582,PG
9583,PG
9584,SD
9585,SD
9586,PG
9587,SD
9588,PG
9589,KVI
9590,SD
9591,PG
9592,PG
9593,SD
9594,PG
9595,KVI
9596,PG
9597,SD
9598,PG
9599,PG
9600,PG
9601,PG
9602,SD
9603,SD
9604,SD
9605,SD
9606,PG
9607,PG
9608,SD
9609,PG
9610,SD
9611,PG
9612,PG
9613,KVI
9614,KVI
9615,PG
9616,PG
9617,PG
9618,PG
9619,PG
9620,PG
9621,PG
9622,PG
9623,KVI
9624,SD
9625,PG
9626,PG
9627,KVI
9628,PG
9629,KVI
9630,SD
9631,PG
9632,PG
9633,KVI
9634,PG
9635,PG
9636,SD
9637,SD
9638,PG
9639,PG
9640,SD
9641,SD
9642,PG
9643,SD
9644,PG
9645,KVI
9646,SD
9647,PG
9648,PG
9649,PG
9650,PG
9651,PG
9652,SD
9653,PG
9654,SD
9655,SD
9656,SD
9657,PG
9658,PG
9659,PG
9660,PG
9661,SD
9662,PG
9663,SD
9664,KVI
9665,SD
9666,PG
9667,PG
9668,SD
9669,SD
9670,PG
9671,SD
9672,SD
9673,PG
9674,PG
9675,SD
9676,PG
9677,PG
9678,SD
9679,PG
9680,PG
9681,PG
9682,PG
9683,PG
9684,PG
9685,SD
9686,PG
9687,SD
9688,PG
9689,SD
9690,PG
9691,SD
9692,SD
9693,PG
9694,SD
9695,SD
9696,SD
9697,PG
9698,PG
9699,PG
9700,PG
9701,SD
9702,SD
9703,PG
9704,SD
9705,PG
9706,PG
9707,KVI
9708,SD
9709,PG
9710,KVI
9711,PG
9712,PG
9713,SD
9714,PG
9715,PG
9716,PG
9717,SD
9718,SD
9719,KVI
9720,SD
9721,PG
9722,PG
9723,SD
9724,PG
9725,PG
9726,PG
9727,PG
9728,PG
9729,PG
9730,PG
9731,KVI
9732,SD
9733,PG
9734,PG
9735,PG
9736,PG
9737,PG
9738,PG
9739,PG
9740,SD
9741,PG
9742,SD
9743,PG
9744,KVI
9745,PG
9746,SD
9747,PG
9748,PG
9749,SD
9750,KVI
9751,PG
9752,PG
9753,PG
9754,SD
9755,SD
9756,SD
9757,PG
9758,PG
9759,PG
9760,KVI
9761,PG
9762,KVI
9763,SD
9764,SD
9765,PG
9766,PG
9767,PG
9768,SD
9769,SD
9770,KVI
9771,KVI
9772,PG
9773,PG
9774,PG
9775,SD
9776,SD
9777,PG
9778,SD
9779,SD
9780,PG
9781,SD
9782,PG
9783,SD
9784,SD
9785,PG
9786,SD
9787,SD
9788,PG
9789,SD
9790,KVI
9791,PG
9792,PG
9793,SD
9794,PG
9795,PG
9796,PG
9797,PG
9798,SD
9799,PG
9800,PG
9801,PG
9802,PG
9803,PG
9804,SD
9805,SD
9806,PG
9807,PG
9808,SD
9809,KVI
9810,PG
9811,SD
9812,PG
9813,PG
9814,KVI
9815,PG
9816,SD
9817,PG
9818,PG
9819,SD
9820,SD
9821,PG
9822,PG
9823,SD
9824,PG
9825,PG
9826,PG
9827,PG
9828,SD
9829,PG
9830,SD
9831,PG
9832,SD
9833,KVI
9834,PG
9835,KVI
9836,PG
9837,SD
9838,PG
9839,SD
9840,PG
9841,PG
9842,PG
9843,SD
9844,SD
9845,PG
9846,PG
9847,PG
9848,PG
9849,PG
9850,SD
9851,SD
9852,SD
9853,SD
9854,PG
9855,SD
9856,SD
9857,PG
9858,SD
9859,KVI
9860,PG
9861,PG
9862,PG
9863,PG
9864,PG
9865,SD
9866,PG
9867,PG
9868,PG
9869,PG
9870,PG
9871,PG
9872,SD
9873,PG
9874,PG
9875,PG
9876,SD
9877,PG
9878,SD
9879,KVI
9880,PG
9881,PG
9882,SD
9883,SD
9884,SD
9885,PG
9886,PG
9887,PG
9888,PG
9889,PG
9890,PG
9891,PG
9892,PG
9893,SD
9894,SD
9895,PG
9896,SD
9897,SD
9898,PG
9899,PG
9900,PG
9901,KVI
9902,PG
9903,SD
9904,PG
9905,PG
9906,KVI
9907,SD
9908,SD
9909,SD
9910,PG
9911,SD
9912,PG
9913,SD
9914,SD
9915,SD
9916,KVI
9917,KVI
9918,PG
9919,PG
9920,PG
9921,PG
9922,PG
9923,SD
9924,PG
9925,SD
9926,SD
9927,PG
9928,PG
9929,PG
9930,SD
9931,PG
9932,PG
9933,SD
9934,SD
9935,PG
9936,PG
9937,PG
9938,PG
9939,PG
9940,SD
9941,PG
9942,PG
9943,SD
9944,PG
9945,PG
9946,SD
9947,KVI
9948,PG
9949,KVI
9950,SD
9951,KVI
9952,SD
9953,PG
9954,PG
9955,PG
9956,PG
9957,SD
9958,PG
9959,PG
9960,PG
9961,PG
9962,PG
9963,SD
9964,PG
9965,SD
9966,PG
9967,SD
9968,PG
9969,PG
9970,PG
9971,SD
9972,PG
9973,PG
9974,PG
9975,PG
9976,PG
9977,PG
9978,SD
9979,PG
9980,PG
9981,PG
9982,PG
9983,PG
9984,KVI
9985,PG
9986,SD
9987,PG
9988,PG
9989,SD
9990,PG
9991,PG
9992,PG
9993,PG
9994,SD
9995,PG
9996,SD
9997,KVI
9998,SD
9999,PG
10000,PG
10001,PG
10002,SD
10003,SD
10004,PG
10005,PG
10006,SD
10007,SD
10008,PG
10009,SD
10010,PG
10011,PG
10012,KVI
10013,SD
10014,PG
10015,SD
10016,PG
10017,KVI
10018,KVI
10019,SD
10020,PG
10021,PG
10022,PG
10023,PG
10024,SD
10025,PG
10026,PG
10027,SD
10028,PG
10029,SD
10030,PG
10031,PG
10032,KVI
10033,PG
10034,SD
10035,PG
10036,KVI
10037,SD
10038,PG
10039,SD
10040,KVI
10041,PG
10042,PG
10043,PG
10044,SD
10045,SD
10046,PG
10047,PG
10048,KVI
10049,PG
10050,SD
10051,KVI
10052,SD
10053,SD
10054,PG
10055,SD
10056,SD
10057,PG
10058,SD
10059,KVI
10060,PG
10061,SD
10062,KVI
10063,PG
10064,SD
10065,PG
10066,PG
10067,SD
10068,KVI
10069,PG
10070,SD
10071,PG
10072,SD
10073,PG
10074,PG
10075,PG
10076,PG
10077,SD
10078,PG
10079,PG
10080,PG
10081,PG
10082,PG
10083,PG
10084,SD
10085,PG
10086,PG
10087,SD
10088,PG
10089,PG
10090,KVI
10091,SD
10092,PG
10093,PG
10094,PG
10095,SD
10096,SD
10097,PG
10098,PG
10099,PG
10100,SD
10101,KVI
10102,KVI
10103,SD
10104,PG
10105,SD
10106,PG
10107,SD
10108,SD
10109,PG
10110,PG
10111,PG
10112,PG
10113,PG
10114,SD
10115,PG
10116,PG
10117,PG
10118,SD
10119,SD
10120,PG
10121,SD
10122,PG
10123,PG
10124,PG
10125,PG
10126,PG
10127,PG
10128,PG
10129,PG
10130,PG
10131,PG
10132,PG
10133,KVI
10134,PG
10135,PG
10136,PG
10137,KVI
10138,PG
10139,PG
10140,PG
10141,PG
10142,SD
10143,PG
10144,SD
10145,PG
10146,PG
10147,PG
10148,PG
10149,PG
10150,PG
10151,PG
10152,KVI
10153,SD
10154,PG
10155,PG
10156,PG
10157,PG
10158,PG
10159,PG
10160,PG
10161,SD
10162,SD
10163,SD
10164,PG
10165,KVI
10166,PG
10167,SD
10168,KVI
10169,PG
10170,SD
10171,SD
10172,PG
10173,PG
10174,KVI
10175,PG
10176,PG
10177,PG
10178,SD
10179,PG
10180,SD
10181,PG
10182,KVI
10183,KVI
10184,KVI
10185,PG
10186,PG
10187,SD
10188,PG
10189,PG
10190,PG
10191,SD
10192,PG
10193,PG
10194,PG
10195,PG
10196,PG
10197,PG
10198,PG
10199,PG
10200,PG
10201,SD
10202,PG
10203,PG
10204,PG
10205,SD
10206,PG
10207,SD
10208,PG
10209,PG
10210,PG
10211,PG
10212,PG
10213,PG
10214,PG
10215,SD
10216,SD
10217,PG
10218,SD
10219,PG
10220,SD
10221,SD
10222,PG
10223,PG
10224,PG
10225,PG
10226,PG
10227,PG
10228,PG
10229,PG
10230,PG
10231,PG
10232,PG
10233,PG
10234,PG
10235,SD
10236,PG
10237,SD
10238,PG
10239,PG
10240,SD
10241,PG
10242,SD
10243,PG
10244,SD
10245,SD
10246,PG
10247,PG
10248,PG
10249,PG
10250,PG
10251,PG
10252,PG
10253,PG
10254,PG
10255,PG
10256,PG
10257,PG
10258,SD
10259,SD
10260,PG
10261,PG
10262,PG
10263,PG
10264,PG
10265,PG
10266,PG
10267,PG
10268,PG
10269,SD
10270,KVI
10271,PG
10272,PG
10273,KVI
10274,KVI
10275,SD
10276,PG
10277,PG
10278,PG
10279,PG
10280,SD
10281,KVI
10282,PG
10283,PG
10284,PG
10285,PG
10286,PG
10287,PG
10288,PG
10289,PG
10290,SD
10291,SD
10292,PG
10293,SD
10294,SD
10295,PG
10296,SD
10297,SD
10298,PG
10299,PG
